﻿SET DEFINE OFF;
--SQL Statement which produced this data:
--
--  SELECT * FROM HOSPITAL.T_ALERGY;
--
Insert into HOSPITAL.T_ALERGY
   (PK, ALERGY_NAME, CREATION_TIME, MODIFIED_TIME, IS_ACTIVE)
 Values
   (1, 'Deri Alerjisi', TO_TIMESTAMP('18/3/2017 13:39:50','fmDDfm/fmMMfm/YYYY HH24:MI:SS'), TO_TIMESTAMP('18/3/2017 13:39:50','fmDDfm/fmMMfm/YYYY HH24:MI:SS'), '1');
Insert into HOSPITAL.T_ALERGY
   (PK, ALERGY_NAME, CREATION_TIME, MODIFIED_TIME, IS_ACTIVE)
 Values
   (2, 'Alerjik Rinit', TO_TIMESTAMP('18/3/2017 13:40:03','fmDDfm/fmMMfm/YYYY HH24:MI:SS'), TO_TIMESTAMP('18/3/2017 13:40:03','fmDDfm/fmMMfm/YYYY HH24:MI:SS'), '1');
Insert into HOSPITAL.T_ALERGY
   (PK, ALERGY_NAME, CREATION_TIME, MODIFIED_TIME, IS_ACTIVE)
 Values
   (3, 'Alerjik Astım', TO_TIMESTAMP('18/3/2017 13:40:12','fmDDfm/fmMMfm/YYYY HH24:MI:SS'), TO_TIMESTAMP('18/3/2017 13:40:12','fmDDfm/fmMMfm/YYYY HH24:MI:SS'), '1');
Insert into HOSPITAL.T_ALERGY
   (PK, ALERGY_NAME, CREATION_TIME, MODIFIED_TIME, IS_ACTIVE)
 Values
   (4, 'Besin Alerjisi', TO_TIMESTAMP('18/3/2017 13:40:26','fmDDfm/fmMMfm/YYYY HH24:MI:SS'), TO_TIMESTAMP('18/3/2017 13:40:26','fmDDfm/fmMMfm/YYYY HH24:MI:SS'), '1');
Insert into HOSPITAL.T_ALERGY
   (PK, ALERGY_NAME, CREATION_TIME, MODIFIED_TIME, IS_ACTIVE)
 Values
   (5, 'Atopik Dermatit', TO_TIMESTAMP('18/3/2017 13:40:36','fmDDfm/fmMMfm/YYYY HH24:MI:SS'), TO_TIMESTAMP('18/3/2017 13:40:36','fmDDfm/fmMMfm/YYYY HH24:MI:SS'), '1');
Insert into HOSPITAL.T_ALERGY
   (PK, ALERGY_NAME, CREATION_TIME, MODIFIED_TIME, IS_ACTIVE)
 Values
   (6, 'Arı Sokması', TO_TIMESTAMP('18/3/2017 13:40:44','fmDDfm/fmMMfm/YYYY HH24:MI:SS'), TO_TIMESTAMP('18/3/2017 13:40:44','fmDDfm/fmMMfm/YYYY HH24:MI:SS'), '1');
Insert into HOSPITAL.T_ALERGY
   (PK, ALERGY_NAME, CREATION_TIME, MODIFIED_TIME, IS_ACTIVE)
 Values
   (7, 'Anafilaksi', TO_TIMESTAMP('18/3/2017 13:40:55','fmDDfm/fmMMfm/YYYY HH24:MI:SS'), TO_TIMESTAMP('18/3/2017 13:40:55','fmDDfm/fmMMfm/YYYY HH24:MI:SS'), '1');
COMMIT;
--SQL Statement which produced this data:
--
--  SELECT * FROM HOSPITAL.T_ASSAY;
--
Insert into HOSPITAL.T_ASSAY
   (PK, ASSAY_NAME, CREATION_TIME, MODIFIED_TIME, IS_ACTIVE)
 Values
   (1, 'Rutin Biyokimya', TO_TIMESTAMP('18/3/2017 14:01:53','fmDDfm/fmMMfm/YYYY HH24:MI:SS'), TO_TIMESTAMP('18/3/2017 14:01:53','fmDDfm/fmMMfm/YYYY HH24:MI:SS'), '1');
Insert into HOSPITAL.T_ASSAY
   (PK, ASSAY_NAME, CREATION_TIME, MODIFIED_TIME, IS_ACTIVE)
 Values
   (2, 'Hormon', TO_TIMESTAMP('18/3/2017 14:02:02','fmDDfm/fmMMfm/YYYY HH24:MI:SS'), TO_TIMESTAMP('18/3/2017 14:02:02','fmDDfm/fmMMfm/YYYY HH24:MI:SS'), '1');
Insert into HOSPITAL.T_ASSAY
   (PK, ASSAY_NAME, CREATION_TIME, MODIFIED_TIME, IS_ACTIVE)
 Values
   (3, 'Hemotoloji', TO_TIMESTAMP('18/3/2017 14:02:57','fmDDfm/fmMMfm/YYYY HH24:MI:SS'), TO_TIMESTAMP('18/3/2017 14:02:57','fmDDfm/fmMMfm/YYYY HH24:MI:SS'), '1');
Insert into HOSPITAL.T_ASSAY
   (PK, ASSAY_NAME, CREATION_TIME, MODIFIED_TIME, IS_ACTIVE)
 Values
   (4, 'Elisa', TO_TIMESTAMP('18/3/2017 14:03:19','fmDDfm/fmMMfm/YYYY HH24:MI:SS'), TO_TIMESTAMP('18/3/2017 14:03:19','fmDDfm/fmMMfm/YYYY HH24:MI:SS'), '1');
Insert into HOSPITAL.T_ASSAY
   (PK, ASSAY_NAME, CREATION_TIME, MODIFIED_TIME, IS_ACTIVE)
 Values
   (5, 'Tam İdrar Tahlili', TO_TIMESTAMP('18/3/2017 14:03:33','fmDDfm/fmMMfm/YYYY HH24:MI:SS'), TO_TIMESTAMP('18/3/2017 14:03:33','fmDDfm/fmMMfm/YYYY HH24:MI:SS'), '1');
Insert into HOSPITAL.T_ASSAY
   (PK, ASSAY_NAME, CREATION_TIME, MODIFIED_TIME, IS_ACTIVE)
 Values
   (6, 'İdrar Kültürü', TO_TIMESTAMP('18/3/2017 14:03:43','fmDDfm/fmMMfm/YYYY HH24:MI:SS'), TO_TIMESTAMP('18/3/2017 14:03:43','fmDDfm/fmMMfm/YYYY HH24:MI:SS'), '1');
Insert into HOSPITAL.T_ASSAY
   (PK, ASSAY_NAME, CREATION_TIME, MODIFIED_TIME, IS_ACTIVE)
 Values
   (7, 'Ultrason', TO_TIMESTAMP('18/3/2017 14:03:54','fmDDfm/fmMMfm/YYYY HH24:MI:SS'), TO_TIMESTAMP('18/3/2017 14:03:54','fmDDfm/fmMMfm/YYYY HH24:MI:SS'), '1');
Insert into HOSPITAL.T_ASSAY
   (PK, ASSAY_NAME, CREATION_TIME, MODIFIED_TIME, IS_ACTIVE)
 Values
   (8, 'MR', TO_TIMESTAMP('18/3/2017 14:03:58','fmDDfm/fmMMfm/YYYY HH24:MI:SS'), TO_TIMESTAMP('18/3/2017 14:03:58','fmDDfm/fmMMfm/YYYY HH24:MI:SS'), '1');
Insert into HOSPITAL.T_ASSAY
   (PK, ASSAY_NAME, CREATION_TIME, MODIFIED_TIME, IS_ACTIVE)
 Values
   (9, 'Tomografi', TO_TIMESTAMP('18/3/2017 14:04:08','fmDDfm/fmMMfm/YYYY HH24:MI:SS'), TO_TIMESTAMP('18/3/2017 14:04:08','fmDDfm/fmMMfm/YYYY HH24:MI:SS'), '1');
Insert into HOSPITAL.T_ASSAY
   (PK, ASSAY_NAME, CREATION_TIME, MODIFIED_TIME, IS_ACTIVE)
 Values
   (10, 'Smear Testi', TO_TIMESTAMP('18/3/2017 14:04:28','fmDDfm/fmMMfm/YYYY HH24:MI:SS'), TO_TIMESTAMP('18/3/2017 14:04:28','fmDDfm/fmMMfm/YYYY HH24:MI:SS'), '1');
Insert into HOSPITAL.T_ASSAY
   (PK, ASSAY_NAME, CREATION_TIME, MODIFIED_TIME, IS_ACTIVE)
 Values
   (11, 'EKO', TO_TIMESTAMP('18/3/2017 14:04:31','fmDDfm/fmMMfm/YYYY HH24:MI:SS'), TO_TIMESTAMP('18/3/2017 14:04:31','fmDDfm/fmMMfm/YYYY HH24:MI:SS'), '1');
Insert into HOSPITAL.T_ASSAY
   (PK, ASSAY_NAME, CREATION_TIME, MODIFIED_TIME, IS_ACTIVE)
 Values
   (12, 'EKG', TO_TIMESTAMP('18/3/2017 14:04:37','fmDDfm/fmMMfm/YYYY HH24:MI:SS'), TO_TIMESTAMP('18/3/2017 14:04:37','fmDDfm/fmMMfm/YYYY HH24:MI:SS'), '1');
COMMIT;
--SQL Statement which produced this data:
--
--  SELECT * FROM HOSPITAL.T_BRANCH;
--
Insert into HOSPITAL.T_BRANCH
   (PK, BRANCH_NAME, CREATION_TIME, MODIFIED_TIME, IS_ACTIVE)
 Values
   (1, 'Acil Tıp', TO_TIMESTAMP('18/3/2017 13:55:58','fmDDfm/fmMMfm/YYYY HH24:MI:SS'), TO_TIMESTAMP('18/3/2017 13:55:58','fmDDfm/fmMMfm/YYYY HH24:MI:SS'), '1');
Insert into HOSPITAL.T_BRANCH
   (PK, BRANCH_NAME, CREATION_TIME, MODIFIED_TIME, IS_ACTIVE)
 Values
   (2, 'Aile Hekimliği', TO_TIMESTAMP('18/3/2017 13:56:05','fmDDfm/fmMMfm/YYYY HH24:MI:SS'), TO_TIMESTAMP('18/3/2017 13:56:05','fmDDfm/fmMMfm/YYYY HH24:MI:SS'), '1');
Insert into HOSPITAL.T_BRANCH
   (PK, BRANCH_NAME, CREATION_TIME, MODIFIED_TIME, IS_ACTIVE)
 Values
   (3, 'Alerji Hastalıkları', TO_TIMESTAMP('18/3/2017 13:56:52','fmDDfm/fmMMfm/YYYY HH24:MI:SS'), TO_TIMESTAMP('18/3/2017 13:56:52','fmDDfm/fmMMfm/YYYY HH24:MI:SS'), '1');
Insert into HOSPITAL.T_BRANCH
   (PK, BRANCH_NAME, CREATION_TIME, MODIFIED_TIME, IS_ACTIVE)
 Values
   (4, 'Beyin ve Sinir Cerrahisi', TO_TIMESTAMP('18/3/2017 13:56:59','fmDDfm/fmMMfm/YYYY HH24:MI:SS'), TO_TIMESTAMP('18/3/2017 13:56:59','fmDDfm/fmMMfm/YYYY HH24:MI:SS'), '1');
Insert into HOSPITAL.T_BRANCH
   (PK, BRANCH_NAME, CREATION_TIME, MODIFIED_TIME, IS_ACTIVE)
 Values
   (5, 'Çocuk Göğüs Hastalıkları', TO_TIMESTAMP('18/3/2017 13:57:15','fmDDfm/fmMMfm/YYYY HH24:MI:SS'), TO_TIMESTAMP('18/3/2017 13:57:15','fmDDfm/fmMMfm/YYYY HH24:MI:SS'), '1');
Insert into HOSPITAL.T_BRANCH
   (PK, BRANCH_NAME, CREATION_TIME, MODIFIED_TIME, IS_ACTIVE)
 Values
   (6, 'Çocuk Psikiyatrisi', TO_TIMESTAMP('18/3/2017 13:57:40','fmDDfm/fmMMfm/YYYY HH24:MI:SS'), TO_TIMESTAMP('18/3/2017 13:57:40','fmDDfm/fmMMfm/YYYY HH24:MI:SS'), '1');
Insert into HOSPITAL.T_BRANCH
   (PK, BRANCH_NAME, CREATION_TIME, MODIFIED_TIME, IS_ACTIVE)
 Values
   (7, 'Dermatoloji', TO_TIMESTAMP('18/3/2017 13:57:46','fmDDfm/fmMMfm/YYYY HH24:MI:SS'), TO_TIMESTAMP('18/3/2017 13:57:46','fmDDfm/fmMMfm/YYYY HH24:MI:SS'), '1');
Insert into HOSPITAL.T_BRANCH
   (PK, BRANCH_NAME, CREATION_TIME, MODIFIED_TIME, IS_ACTIVE)
 Values
   (8, 'Fizyoloji', TO_TIMESTAMP('18/3/2017 13:57:54','fmDDfm/fmMMfm/YYYY HH24:MI:SS'), TO_TIMESTAMP('18/3/2017 13:57:54','fmDDfm/fmMMfm/YYYY HH24:MI:SS'), '1');
Insert into HOSPITAL.T_BRANCH
   (PK, BRANCH_NAME, CREATION_TIME, MODIFIED_TIME, IS_ACTIVE)
 Values
   (9, 'Genel Cerrahi', TO_TIMESTAMP('18/3/2017 13:58:04','fmDDfm/fmMMfm/YYYY HH24:MI:SS'), TO_TIMESTAMP('18/3/2017 13:58:04','fmDDfm/fmMMfm/YYYY HH24:MI:SS'), '1');
Insert into HOSPITAL.T_BRANCH
   (PK, BRANCH_NAME, CREATION_TIME, MODIFIED_TIME, IS_ACTIVE)
 Values
   (10, 'Göz Hastalıkları', TO_TIMESTAMP('18/3/2017 13:58:24','fmDDfm/fmMMfm/YYYY HH24:MI:SS'), TO_TIMESTAMP('18/3/2017 13:58:24','fmDDfm/fmMMfm/YYYY HH24:MI:SS'), '1');
Insert into HOSPITAL.T_BRANCH
   (PK, BRANCH_NAME, CREATION_TIME, MODIFIED_TIME, IS_ACTIVE)
 Values
   (11, 'İç Hastalıkları', TO_TIMESTAMP('18/3/2017 13:58:33','fmDDfm/fmMMfm/YYYY HH24:MI:SS'), TO_TIMESTAMP('18/3/2017 13:58:33','fmDDfm/fmMMfm/YYYY HH24:MI:SS'), '1');
Insert into HOSPITAL.T_BRANCH
   (PK, BRANCH_NAME, CREATION_TIME, MODIFIED_TIME, IS_ACTIVE)
 Values
   (12, 'Kalp ve Damar Cerrahisi', TO_TIMESTAMP('18/3/2017 13:58:44','fmDDfm/fmMMfm/YYYY HH24:MI:SS'), TO_TIMESTAMP('18/3/2017 13:58:44','fmDDfm/fmMMfm/YYYY HH24:MI:SS'), '1');
Insert into HOSPITAL.T_BRANCH
   (PK, BRANCH_NAME, CREATION_TIME, MODIFIED_TIME, IS_ACTIVE)
 Values
   (13, 'Nöroloji', TO_TIMESTAMP('18/3/2017 13:58:56','fmDDfm/fmMMfm/YYYY HH24:MI:SS'), TO_TIMESTAMP('18/3/2017 13:58:56','fmDDfm/fmMMfm/YYYY HH24:MI:SS'), '1');
Insert into HOSPITAL.T_BRANCH
   (PK, BRANCH_NAME, CREATION_TIME, MODIFIED_TIME, IS_ACTIVE)
 Values
   (14, 'Ortopedi ve Travmatoloji', TO_TIMESTAMP('18/3/2017 13:59:18','fmDDfm/fmMMfm/YYYY HH24:MI:SS'), TO_TIMESTAMP('18/3/2017 13:59:18','fmDDfm/fmMMfm/YYYY HH24:MI:SS'), '1');
Insert into HOSPITAL.T_BRANCH
   (PK, BRANCH_NAME, CREATION_TIME, MODIFIED_TIME, IS_ACTIVE)
 Values
   (15, 'Psikiyatri', TO_TIMESTAMP('18/3/2017 13:59:36','fmDDfm/fmMMfm/YYYY HH24:MI:SS'), TO_TIMESTAMP('18/3/2017 13:59:36','fmDDfm/fmMMfm/YYYY HH24:MI:SS'), '1');
Insert into HOSPITAL.T_BRANCH
   (PK, BRANCH_NAME, CREATION_TIME, MODIFIED_TIME, IS_ACTIVE)
 Values
   (16, 'Üroloji', TO_TIMESTAMP('18/3/2017 13:59:49','fmDDfm/fmMMfm/YYYY HH24:MI:SS'), TO_TIMESTAMP('18/3/2017 13:59:49','fmDDfm/fmMMfm/YYYY HH24:MI:SS'), '1');
COMMIT;
--SQL Statement which produced this data:
--
--  SELECT * FROM HOSPITAL.T_CITY;
--
Insert into HOSPITAL.T_CITY
   (PK, CITY_NAME, CREATION_TIME, MODIFIED_TIME, IS_ACTIVE)
 Values
   (1, 'İstanbul', TO_TIMESTAMP('18/3/2017 13:23:52','fmDDfm/fmMMfm/YYYY HH24:MI:SS'), TO_TIMESTAMP('18/3/2017 13:23:52','fmDDfm/fmMMfm/YYYY HH24:MI:SS'), '1');
Insert into HOSPITAL.T_CITY
   (PK, CITY_NAME, CREATION_TIME, MODIFIED_TIME, IS_ACTIVE)
 Values
   (2, 'Ankara', TO_TIMESTAMP('18/3/2017 13:23:57','fmDDfm/fmMMfm/YYYY HH24:MI:SS'), TO_TIMESTAMP('18/3/2017 13:23:57','fmDDfm/fmMMfm/YYYY HH24:MI:SS'), '1');
Insert into HOSPITAL.T_CITY
   (PK, CITY_NAME, CREATION_TIME, MODIFIED_TIME, IS_ACTIVE)
 Values
   (3, 'İzmir', TO_TIMESTAMP('18/3/2017 13:24:00','fmDDfm/fmMMfm/YYYY HH24:MI:SS'), TO_TIMESTAMP('18/3/2017 13:24:00','fmDDfm/fmMMfm/YYYY HH24:MI:SS'), '1');
COMMIT;
--SQL Statement which produced this data:
--
--  SELECT * FROM HOSPITAL.T_DISEASE;
--
Insert into HOSPITAL.T_DISEASE
   (PK, DISEASE_NAME, CREATION_TIME, MODIFIED_TIME, IS_ACTIVE)
 Values
   (1, 'Bronşit', TO_TIMESTAMP('18/3/2017 13:43:18','fmDDfm/fmMMfm/YYYY HH24:MI:SS'), TO_TIMESTAMP('18/3/2017 13:43:18','fmDDfm/fmMMfm/YYYY HH24:MI:SS'), '1');
Insert into HOSPITAL.T_DISEASE
   (PK, DISEASE_NAME, CREATION_TIME, MODIFIED_TIME, IS_ACTIVE)
 Values
   (2, 'Çarpıntı', TO_TIMESTAMP('18/3/2017 13:43:29','fmDDfm/fmMMfm/YYYY HH24:MI:SS'), TO_TIMESTAMP('18/3/2017 13:43:29','fmDDfm/fmMMfm/YYYY HH24:MI:SS'), '1');
Insert into HOSPITAL.T_DISEASE
   (PK, DISEASE_NAME, CREATION_TIME, MODIFIED_TIME, IS_ACTIVE)
 Values
   (3, 'Damar Sertliği', TO_TIMESTAMP('18/3/2017 13:43:43','fmDDfm/fmMMfm/YYYY HH24:MI:SS'), TO_TIMESTAMP('18/3/2017 13:43:43','fmDDfm/fmMMfm/YYYY HH24:MI:SS'), '1');
Insert into HOSPITAL.T_DISEASE
   (PK, DISEASE_NAME, CREATION_TIME, MODIFIED_TIME, IS_ACTIVE)
 Values
   (4, 'Deri Kanseri', TO_TIMESTAMP('18/3/2017 13:43:53','fmDDfm/fmMMfm/YYYY HH24:MI:SS'), TO_TIMESTAMP('18/3/2017 13:43:53','fmDDfm/fmMMfm/YYYY HH24:MI:SS'), '1');
Insert into HOSPITAL.T_DISEASE
   (PK, DISEASE_NAME, CREATION_TIME, MODIFIED_TIME, IS_ACTIVE)
 Values
   (5, 'Dizanteri', TO_TIMESTAMP('18/3/2017 13:44:02','fmDDfm/fmMMfm/YYYY HH24:MI:SS'), TO_TIMESTAMP('18/3/2017 13:44:02','fmDDfm/fmMMfm/YYYY HH24:MI:SS'), '1');
Insert into HOSPITAL.T_DISEASE
   (PK, DISEASE_NAME, CREATION_TIME, MODIFIED_TIME, IS_ACTIVE)
 Values
   (6, 'Astigmatlık', TO_TIMESTAMP('18/3/2017 13:44:46','fmDDfm/fmMMfm/YYYY HH24:MI:SS'), TO_TIMESTAMP('18/3/2017 13:44:46','fmDDfm/fmMMfm/YYYY HH24:MI:SS'), '1');
Insert into HOSPITAL.T_DISEASE
   (PK, DISEASE_NAME, CREATION_TIME, MODIFIED_TIME, IS_ACTIVE)
 Values
   (7, 'Boğmaca', TO_TIMESTAMP('18/3/2017 13:44:49','fmDDfm/fmMMfm/YYYY HH24:MI:SS'), TO_TIMESTAMP('18/3/2017 13:44:49','fmDDfm/fmMMfm/YYYY HH24:MI:SS'), '1');
Insert into HOSPITAL.T_DISEASE
   (PK, DISEASE_NAME, CREATION_TIME, MODIFIED_TIME, IS_ACTIVE)
 Values
   (8, 'Böbrek Taşı', TO_TIMESTAMP('18/3/2017 13:45:01','fmDDfm/fmMMfm/YYYY HH24:MI:SS'), TO_TIMESTAMP('18/3/2017 13:45:01','fmDDfm/fmMMfm/YYYY HH24:MI:SS'), '1');
Insert into HOSPITAL.T_DISEASE
   (PK, DISEASE_NAME, CREATION_TIME, MODIFIED_TIME, IS_ACTIVE)
 Values
   (9, 'Fıtık', TO_TIMESTAMP('18/3/2017 13:46:00','fmDDfm/fmMMfm/YYYY HH24:MI:SS'), TO_TIMESTAMP('18/3/2017 13:46:00','fmDDfm/fmMMfm/YYYY HH24:MI:SS'), '1');
Insert into HOSPITAL.T_DISEASE
   (PK, DISEASE_NAME, CREATION_TIME, MODIFIED_TIME, IS_ACTIVE)
 Values
   (10, 'Gece Körlüğü', TO_TIMESTAMP('18/3/2017 13:46:15','fmDDfm/fmMMfm/YYYY HH24:MI:SS'), TO_TIMESTAMP('18/3/2017 13:46:15','fmDDfm/fmMMfm/YYYY HH24:MI:SS'), '1');
Insert into HOSPITAL.T_DISEASE
   (PK, DISEASE_NAME, CREATION_TIME, MODIFIED_TIME, IS_ACTIVE)
 Values
   (11, 'Grip', TO_TIMESTAMP('18/3/2017 13:46:29','fmDDfm/fmMMfm/YYYY HH24:MI:SS'), TO_TIMESTAMP('18/3/2017 13:46:29','fmDDfm/fmMMfm/YYYY HH24:MI:SS'), '1');
Insert into HOSPITAL.T_DISEASE
   (PK, DISEASE_NAME, CREATION_TIME, MODIFIED_TIME, IS_ACTIVE)
 Values
   (12, 'Hemofili', TO_TIMESTAMP('18/3/2017 13:46:54','fmDDfm/fmMMfm/YYYY HH24:MI:SS'), TO_TIMESTAMP('18/3/2017 13:46:54','fmDDfm/fmMMfm/YYYY HH24:MI:SS'), '1');
Insert into HOSPITAL.T_DISEASE
   (PK, DISEASE_NAME, CREATION_TIME, MODIFIED_TIME, IS_ACTIVE)
 Values
   (13, 'İshal', TO_TIMESTAMP('18/3/2017 13:47:02','fmDDfm/fmMMfm/YYYY HH24:MI:SS'), TO_TIMESTAMP('18/3/2017 13:47:02','fmDDfm/fmMMfm/YYYY HH24:MI:SS'), '1');
Insert into HOSPITAL.T_DISEASE
   (PK, DISEASE_NAME, CREATION_TIME, MODIFIED_TIME, IS_ACTIVE)
 Values
   (14, 'Kanser', TO_TIMESTAMP('18/3/2017 13:47:32','fmDDfm/fmMMfm/YYYY HH24:MI:SS'), TO_TIMESTAMP('18/3/2017 13:47:32','fmDDfm/fmMMfm/YYYY HH24:MI:SS'), '1');
Insert into HOSPITAL.T_DISEASE
   (PK, DISEASE_NAME, CREATION_TIME, MODIFIED_TIME, IS_ACTIVE)
 Values
   (15, 'Kısırlık', TO_TIMESTAMP('18/3/2017 13:47:36','fmDDfm/fmMMfm/YYYY HH24:MI:SS'), TO_TIMESTAMP('18/3/2017 13:47:36','fmDDfm/fmMMfm/YYYY HH24:MI:SS'), '1');
Insert into HOSPITAL.T_DISEASE
   (PK, DISEASE_NAME, CREATION_TIME, MODIFIED_TIME, IS_ACTIVE)
 Values
   (16, 'Kuduz', TO_TIMESTAMP('18/3/2017 13:47:41','fmDDfm/fmMMfm/YYYY HH24:MI:SS'), TO_TIMESTAMP('18/3/2017 13:47:41','fmDDfm/fmMMfm/YYYY HH24:MI:SS'), '1');
Insert into HOSPITAL.T_DISEASE
   (PK, DISEASE_NAME, CREATION_TIME, MODIFIED_TIME, IS_ACTIVE)
 Values
   (17, 'Kulak İltihabı', TO_TIMESTAMP('18/3/2017 13:47:56','fmDDfm/fmMMfm/YYYY HH24:MI:SS'), TO_TIMESTAMP('18/3/2017 13:47:56','fmDDfm/fmMMfm/YYYY HH24:MI:SS'), '1');
Insert into HOSPITAL.T_DISEASE
   (PK, DISEASE_NAME, CREATION_TIME, MODIFIED_TIME, IS_ACTIVE)
 Values
   (18, 'Migren', TO_TIMESTAMP('18/3/2017 13:48:08','fmDDfm/fmMMfm/YYYY HH24:MI:SS'), TO_TIMESTAMP('18/3/2017 13:48:08','fmDDfm/fmMMfm/YYYY HH24:MI:SS'), '1');
Insert into HOSPITAL.T_DISEASE
   (PK, DISEASE_NAME, CREATION_TIME, MODIFIED_TIME, IS_ACTIVE)
 Values
   (19, 'Nasır', TO_TIMESTAMP('18/3/2017 13:48:48','fmDDfm/fmMMfm/YYYY HH24:MI:SS'), TO_TIMESTAMP('18/3/2017 13:48:48','fmDDfm/fmMMfm/YYYY HH24:MI:SS'), '1');
Insert into HOSPITAL.T_DISEASE
   (PK, DISEASE_NAME, CREATION_TIME, MODIFIED_TIME, IS_ACTIVE)
 Values
   (20, 'Ödem', TO_TIMESTAMP('18/3/2017 13:48:54','fmDDfm/fmMMfm/YYYY HH24:MI:SS'), TO_TIMESTAMP('18/3/2017 13:48:54','fmDDfm/fmMMfm/YYYY HH24:MI:SS'), '1');
Insert into HOSPITAL.T_DISEASE
   (PK, DISEASE_NAME, CREATION_TIME, MODIFIED_TIME, IS_ACTIVE)
 Values
   (21, 'Romatizma', TO_TIMESTAMP('18/3/2017 13:49:05','fmDDfm/fmMMfm/YYYY HH24:MI:SS'), TO_TIMESTAMP('18/3/2017 13:49:05','fmDDfm/fmMMfm/YYYY HH24:MI:SS'), '1');
Insert into HOSPITAL.T_DISEASE
   (PK, DISEASE_NAME, CREATION_TIME, MODIFIED_TIME, IS_ACTIVE)
 Values
   (22, 'Saçkıran', TO_TIMESTAMP('18/3/2017 13:49:15','fmDDfm/fmMMfm/YYYY HH24:MI:SS'), TO_TIMESTAMP('18/3/2017 13:49:15','fmDDfm/fmMMfm/YYYY HH24:MI:SS'), '1');
Insert into HOSPITAL.T_DISEASE
   (PK, DISEASE_NAME, CREATION_TIME, MODIFIED_TIME, IS_ACTIVE)
 Values
   (23, 'Sıtma', TO_TIMESTAMP('18/3/2017 13:49:19','fmDDfm/fmMMfm/YYYY HH24:MI:SS'), TO_TIMESTAMP('18/3/2017 13:49:19','fmDDfm/fmMMfm/YYYY HH24:MI:SS'), '1');
Insert into HOSPITAL.T_DISEASE
   (PK, DISEASE_NAME, CREATION_TIME, MODIFIED_TIME, IS_ACTIVE)
 Values
   (24, 'Sinüzit', TO_TIMESTAMP('18/3/2017 13:49:27','fmDDfm/fmMMfm/YYYY HH24:MI:SS'), TO_TIMESTAMP('18/3/2017 13:49:27','fmDDfm/fmMMfm/YYYY HH24:MI:SS'), '1');
Insert into HOSPITAL.T_DISEASE
   (PK, DISEASE_NAME, CREATION_TIME, MODIFIED_TIME, IS_ACTIVE)
 Values
   (25, 'Tifo', TO_TIMESTAMP('18/3/2017 13:49:42','fmDDfm/fmMMfm/YYYY HH24:MI:SS'), TO_TIMESTAMP('18/3/2017 13:49:42','fmDDfm/fmMMfm/YYYY HH24:MI:SS'), '1');
Insert into HOSPITAL.T_DISEASE
   (PK, DISEASE_NAME, CREATION_TIME, MODIFIED_TIME, IS_ACTIVE)
 Values
   (26, 'Verem', TO_TIMESTAMP('18/3/2017 13:49:56','fmDDfm/fmMMfm/YYYY HH24:MI:SS'), TO_TIMESTAMP('18/3/2017 13:49:56','fmDDfm/fmMMfm/YYYY HH24:MI:SS'), '1');
Insert into HOSPITAL.T_DISEASE
   (PK, DISEASE_NAME, CREATION_TIME, MODIFIED_TIME, IS_ACTIVE)
 Values
   (27, 'Zatürre', TO_TIMESTAMP('18/3/2017 13:50:30','fmDDfm/fmMMfm/YYYY HH24:MI:SS'), TO_TIMESTAMP('18/3/2017 13:50:30','fmDDfm/fmMMfm/YYYY HH24:MI:SS'), '1');
COMMIT;
--SQL Statement which produced this data:
--
--  SELECT * FROM HOSPITAL.T_DISTRICT;
--
Insert into HOSPITAL.T_DISTRICT
   (PK, DISTRICT_NAME, CREATION_TIME, MODIFIED_TIME, FK_CITY,
    IS_ACTIVE)
 Values
   (1, 'Şişli', TO_TIMESTAMP('18/3/2017 13:24:30','fmDDfm/fmMMfm/YYYY HH24:MI:SS'), TO_TIMESTAMP('18/3/2017 13:24:30','fmDDfm/fmMMfm/YYYY HH24:MI:SS'), 1,
    '1');
Insert into HOSPITAL.T_DISTRICT
   (PK, DISTRICT_NAME, CREATION_TIME, MODIFIED_TIME, FK_CITY,
    IS_ACTIVE)
 Values
   (2, 'Bakırköy', TO_TIMESTAMP('18/3/2017 13:24:35','fmDDfm/fmMMfm/YYYY HH24:MI:SS'), TO_TIMESTAMP('18/3/2017 13:24:35','fmDDfm/fmMMfm/YYYY HH24:MI:SS'), 1,
    '1');
Insert into HOSPITAL.T_DISTRICT
   (PK, DISTRICT_NAME, CREATION_TIME, MODIFIED_TIME, FK_CITY,
    IS_ACTIVE)
 Values
   (3, 'Avcılar', TO_TIMESTAMP('18/3/2017 13:24:46','fmDDfm/fmMMfm/YYYY HH24:MI:SS'), TO_TIMESTAMP('18/3/2017 13:24:46','fmDDfm/fmMMfm/YYYY HH24:MI:SS'), 1,
    '1');
Insert into HOSPITAL.T_DISTRICT
   (PK, DISTRICT_NAME, CREATION_TIME, MODIFIED_TIME, FK_CITY,
    IS_ACTIVE)
 Values
   (4, 'Bornova', TO_TIMESTAMP('18/3/2017 13:26:40','fmDDfm/fmMMfm/YYYY HH24:MI:SS'), TO_TIMESTAMP('18/3/2017 13:26:40','fmDDfm/fmMMfm/YYYY HH24:MI:SS'), 3,
    '1');
Insert into HOSPITAL.T_DISTRICT
   (PK, DISTRICT_NAME, CREATION_TIME, MODIFIED_TIME, FK_CITY,
    IS_ACTIVE)
 Values
   (5, 'Buca', TO_TIMESTAMP('18/3/2017 13:26:56','fmDDfm/fmMMfm/YYYY HH24:MI:SS'), TO_TIMESTAMP('18/3/2017 13:26:56','fmDDfm/fmMMfm/YYYY HH24:MI:SS'), 3,
    '1');
Insert into HOSPITAL.T_DISTRICT
   (PK, DISTRICT_NAME, CREATION_TIME, MODIFIED_TIME, FK_CITY,
    IS_ACTIVE)
 Values
   (6, 'Urla', TO_TIMESTAMP('18/3/2017 13:27:18','fmDDfm/fmMMfm/YYYY HH24:MI:SS'), TO_TIMESTAMP('18/3/2017 13:27:18','fmDDfm/fmMMfm/YYYY HH24:MI:SS'), 3,
    '1');
Insert into HOSPITAL.T_DISTRICT
   (PK, DISTRICT_NAME, CREATION_TIME, MODIFIED_TIME, FK_CITY,
    IS_ACTIVE)
 Values
   (7, 'Çankaya', TO_TIMESTAMP('18/3/2017 13:28:16','fmDDfm/fmMMfm/YYYY HH24:MI:SS'), TO_TIMESTAMP('18/3/2017 13:28:16','fmDDfm/fmMMfm/YYYY HH24:MI:SS'), 2,
    '1');
Insert into HOSPITAL.T_DISTRICT
   (PK, DISTRICT_NAME, CREATION_TIME, MODIFIED_TIME, FK_CITY,
    IS_ACTIVE)
 Values
   (8, 'Etimesgut', TO_TIMESTAMP('18/3/2017 13:28:29','fmDDfm/fmMMfm/YYYY HH24:MI:SS'), TO_TIMESTAMP('18/3/2017 13:28:29','fmDDfm/fmMMfm/YYYY HH24:MI:SS'), 2,
    '1');
Insert into HOSPITAL.T_DISTRICT
   (PK, DISTRICT_NAME, CREATION_TIME, MODIFIED_TIME, FK_CITY,
    IS_ACTIVE)
 Values
   (9, 'Polatlı', TO_TIMESTAMP('18/3/2017 13:28:50','fmDDfm/fmMMfm/YYYY HH24:MI:SS'), TO_TIMESTAMP('18/3/2017 13:28:50','fmDDfm/fmMMfm/YYYY HH24:MI:SS'), 2,
    '1');
COMMIT;
--SQL Statement which produced this data:
--
--  SELECT * FROM HOSPITAL.T_HOSPITAL;
--
Insert into HOSPITAL.T_HOSPITAL
   (PK, HOSPITAL_NAME, CREATION_TIME, MODIFIED_TIME, HOSPITAL_TYPE,
    FK_DISTRICT, IS_ACTIVE)
 Values
   (1, 'Şişli Etfal Eğitim ve Araştırma Hastanesi', TO_TIMESTAMP('18/3/2017 13:29:19','fmDDfm/fmMMfm/YYYY HH24:MI:SS'), TO_TIMESTAMP('18/3/2017 13:29:19','fmDDfm/fmMMfm/YYYY HH24:MI:SS'), 'PUBLIC_HOSPITAL',
    1, '1');
Insert into HOSPITAL.T_HOSPITAL
   (PK, HOSPITAL_NAME, CREATION_TIME, MODIFIED_TIME, HOSPITAL_TYPE,
    FK_DISTRICT, IS_ACTIVE)
 Values
   (2, 'Bakırköy Devlet Hastanesi', TO_TIMESTAMP('18/3/2017 13:30:33','fmDDfm/fmMMfm/YYYY HH24:MI:SS'), TO_TIMESTAMP('18/3/2017 13:30:33','fmDDfm/fmMMfm/YYYY HH24:MI:SS'), 'PUBLIC_HOSPITAL',
    2, '1');
Insert into HOSPITAL.T_HOSPITAL
   (PK, HOSPITAL_NAME, CREATION_TIME, MODIFIED_TIME, HOSPITAL_TYPE,
    FK_DISTRICT, IS_ACTIVE)
 Values
   (3, 'Avcılar Devlet Hastanesi', TO_TIMESTAMP('18/3/2017 14:05:47','fmDDfm/fmMMfm/YYYY HH24:MI:SS'), TO_TIMESTAMP('18/3/2017 14:05:47','fmDDfm/fmMMfm/YYYY HH24:MI:SS'), 'PUBLIC_HOSPITAL',
   3, '1');
COMMIT;
--SQL Statement which produced this data:
--
--  SELECT * FROM HOSPITAL.T_INSPECTION_PLACE;
--
Insert into HOSPITAL.T_INSPECTION_PLACE
   (PK, PLACE_NAME, CREATION_TIME, MODIFIED_TIME, IS_ACTIVE, FK_HOSPITAL_POLICLINIC_REL, FK_DOCTOR)
 Values
   (1, 'Muayene Odası - 1', TO_TIMESTAMP('18/3/2017 13:51:41','fmDDfm/fmMMfm/YYYY HH24:MI:SS'), TO_TIMESTAMP('18/3/2017 13:51:41','fmDDfm/fmMMfm/YYYY HH24:MI:SS'), '1', 100, 1);
Insert into HOSPITAL.T_INSPECTION_PLACE
   (PK, PLACE_NAME, CREATION_TIME, MODIFIED_TIME, IS_ACTIVE, FK_HOSPITAL_POLICLINIC_REL, FK_DOCTOR)
 Values
   (2, 'Muayene Odası - 2', TO_TIMESTAMP('18/3/2017 13:52:11','fmDDfm/fmMMfm/YYYY HH24:MI:SS'), TO_TIMESTAMP('18/3/2017 13:52:11','fmDDfm/fmMMfm/YYYY HH24:MI:SS'), '1', 100, 2);
Insert into HOSPITAL.T_INSPECTION_PLACE
   (PK, PLACE_NAME, CREATION_TIME, MODIFIED_TIME, IS_ACTIVE, FK_HOSPITAL_POLICLINIC_REL, FK_DOCTOR)
 Values
   (3, 'Muayene Odası - 3', TO_TIMESTAMP('18/3/2017 13:52:17','fmDDfm/fmMMfm/YYYY HH24:MI:SS'), TO_TIMESTAMP('18/3/2017 13:52:17','fmDDfm/fmMMfm/YYYY HH24:MI:SS'), '1', 100, 3);
Insert into HOSPITAL.T_INSPECTION_PLACE
   (PK, PLACE_NAME, CREATION_TIME, MODIFIED_TIME, IS_ACTIVE, FK_HOSPITAL_POLICLINIC_REL, FK_DOCTOR)
 Values
   (4, 'Muayene Odası - 4', TO_TIMESTAMP('18/3/2017 13:52:22','fmDDfm/fmMMfm/YYYY HH24:MI:SS'), TO_TIMESTAMP('18/3/2017 13:52:22','fmDDfm/fmMMfm/YYYY HH24:MI:SS'), '1', 100, 4);
Insert into HOSPITAL.T_INSPECTION_PLACE
   (PK, PLACE_NAME, CREATION_TIME, MODIFIED_TIME, IS_ACTIVE, FK_HOSPITAL_POLICLINIC_REL, FK_DOCTOR)
 Values
   (5, 'Muayene Odası - 5', TO_TIMESTAMP('18/3/2017 13:52:31','fmDDfm/fmMMfm/YYYY HH24:MI:SS'), TO_TIMESTAMP('18/3/2017 13:52:31','fmDDfm/fmMMfm/YYYY HH24:MI:SS'), '1', 100, 5);
Insert into HOSPITAL.T_INSPECTION_PLACE
   (PK, PLACE_NAME, CREATION_TIME, MODIFIED_TIME, IS_ACTIVE, FK_HOSPITAL_POLICLINIC_REL, FK_DOCTOR)
 Values
   (6, 'Muayene Odası - 6', TO_TIMESTAMP('18/3/2017 13:53:35','fmDDfm/fmMMfm/YYYY HH24:MI:SS'), TO_TIMESTAMP('18/3/2017 13:53:35','fmDDfm/fmMMfm/YYYY HH24:MI:SS'), '1', 100, 6);
Insert into HOSPITAL.T_INSPECTION_PLACE
   (PK, PLACE_NAME, CREATION_TIME, MODIFIED_TIME, IS_ACTIVE, FK_HOSPITAL_POLICLINIC_REL, FK_DOCTOR)
 Values
   (7, 'Muayene Odası - 7', TO_TIMESTAMP('18/3/2017 13:51:49','fmDDfm/fmMMfm/YYYY HH24:MI:SS'), TO_TIMESTAMP('18/3/2017 13:51:49','fmDDfm/fmMMfm/YYYY HH24:MI:SS'), '1', 100, 7);
COMMIT;
--SQL Statement which produced this data:
--
--  SELECT * FROM HOSPITAL.T_POLICLINIC;
--
Insert into HOSPITAL.T_POLICLINIC
   (PK, POLICLINIC_NAME, CREATION_TIME, MODIFIED_TIME, IS_ACTIVE)
 Values
   (1, 'Göz Hastalıkları', TO_TIMESTAMP('18/3/2017 13:32:16','fmDDfm/fmMMfm/YYYY HH24:MI:SS'), TO_TIMESTAMP('18/3/2017 13:32:16','fmDDfm/fmMMfm/YYYY HH24:MI:SS'), '1');
Insert into HOSPITAL.T_POLICLINIC
   (PK, POLICLINIC_NAME, CREATION_TIME, MODIFIED_TIME, IS_ACTIVE)
 Values
   (2, 'Üroloji', TO_TIMESTAMP('18/3/2017 13:32:29','fmDDfm/fmMMfm/YYYY HH24:MI:SS'), TO_TIMESTAMP('18/3/2017 13:32:29','fmDDfm/fmMMfm/YYYY HH24:MI:SS'), '1');
Insert into HOSPITAL.T_POLICLINIC
   (PK, POLICLINIC_NAME, CREATION_TIME, MODIFIED_TIME, IS_ACTIVE)
 Values
   (3, 'Kulak Burun Boğaz', TO_TIMESTAMP('18/3/2017 13:32:43','fmDDfm/fmMMfm/YYYY HH24:MI:SS'), TO_TIMESTAMP('18/3/2017 13:32:43','fmDDfm/fmMMfm/YYYY HH24:MI:SS'), '1');
Insert into HOSPITAL.T_POLICLINIC
   (PK, POLICLINIC_NAME, CREATION_TIME, MODIFIED_TIME, IS_ACTIVE)
 Values
   (4, 'Kardiyoloji', TO_TIMESTAMP('18/3/2017 13:32:58','fmDDfm/fmMMfm/YYYY HH24:MI:SS'), TO_TIMESTAMP('18/3/2017 13:32:58','fmDDfm/fmMMfm/YYYY HH24:MI:SS'), '1');
Insert into HOSPITAL.T_POLICLINIC
   (PK, POLICLINIC_NAME, CREATION_TIME, MODIFIED_TIME, IS_ACTIVE)
 Values
   (5, 'Diş Hekimliği', TO_TIMESTAMP('18/3/2017 13:33:16','fmDDfm/fmMMfm/YYYY HH24:MI:SS'), TO_TIMESTAMP('18/3/2017 13:33:16','fmDDfm/fmMMfm/YYYY HH24:MI:SS'), '1');
Insert into HOSPITAL.T_POLICLINIC
   (PK, POLICLINIC_NAME, CREATION_TIME, MODIFIED_TIME, IS_ACTIVE)
 Values
   (6, 'Kadın Hastalıkları ve Doğum', TO_TIMESTAMP('18/3/2017 13:33:52','fmDDfm/fmMMfm/YYYY HH24:MI:SS'), TO_TIMESTAMP('18/3/2017 13:33:52','fmDDfm/fmMMfm/YYYY HH24:MI:SS'), '1');
COMMIT;
Insert into HOSPITAL.T_POLICLINIC
(PK, POLICLINIC_NAME, CREATION_TIME, MODIFIED_TIME, IS_ACTIVE)
Values
  (7, 'Fizik Tedavi', TO_TIMESTAMP('18/3/2017 13:33:52','fmDDfm/fmMMfm/YYYY HH24:MI:SS'), TO_TIMESTAMP('18/3/2017 13:33:52','fmDDfm/fmMMfm/YYYY HH24:MI:SS'), '1');
COMMIT;

--SQL Statement which produced this data:
--
--  SELECT * FROM HOSPITAL.T_HOSPITAL_POLICLINIC_REL;
--
Insert into HOSPITAL.T_HOSPITAL_POLICLINIC_REL
(PK, FK_HOSPITAL, FK_POLICLINIC, CREATION_TIME, MODIFIED_TIME,
 IS_ACTIVE)
Values
  (100, 1, 1, TO_TIMESTAMP('23/3/2017 09:53:03','fmDDfm/fmMMfm/YYYY HH24:MI:SS'), TO_TIMESTAMP('23/3/2017 09:53:03','fmDDfm/fmMMfm/YYYY HH24:MI:SS'),
   '1');
Insert into HOSPITAL.T_HOSPITAL_POLICLINIC_REL
(PK, FK_HOSPITAL, FK_POLICLINIC, CREATION_TIME, MODIFIED_TIME,
 IS_ACTIVE)
Values
  (101, 1, 2, TO_TIMESTAMP('23/3/2017 09:53:09','fmDDfm/fmMMfm/YYYY HH24:MI:SS'), TO_TIMESTAMP('23/3/2017 09:53:09','fmDDfm/fmMMfm/YYYY HH24:MI:SS'),
   '1');
Insert into HOSPITAL.T_HOSPITAL_POLICLINIC_REL
(PK, FK_HOSPITAL, FK_POLICLINIC, CREATION_TIME, MODIFIED_TIME,
 IS_ACTIVE)
Values
  (102, 1, 3, TO_TIMESTAMP('23/3/2017 09:53:10','fmDDfm/fmMMfm/YYYY HH24:MI:SS'), TO_TIMESTAMP('23/3/2017 09:53:10','fmDDfm/fmMMfm/YYYY HH24:MI:SS'),
   '1');
Insert into HOSPITAL.T_HOSPITAL_POLICLINIC_REL
(PK, FK_HOSPITAL, FK_POLICLINIC, CREATION_TIME, MODIFIED_TIME,
 IS_ACTIVE)
Values
  (103, 1, 4, TO_TIMESTAMP('23/3/2017 09:53:11','fmDDfm/fmMMfm/YYYY HH24:MI:SS'), TO_TIMESTAMP('23/3/2017 09:53:11','fmDDfm/fmMMfm/YYYY HH24:MI:SS'),
   '1');
Insert into HOSPITAL.T_HOSPITAL_POLICLINIC_REL
(PK, FK_HOSPITAL, FK_POLICLINIC, CREATION_TIME, MODIFIED_TIME,
 IS_ACTIVE)
Values
  (104, 1, 5, TO_TIMESTAMP('23/3/2017 09:53:12','fmDDfm/fmMMfm/YYYY HH24:MI:SS'), TO_TIMESTAMP('23/3/2017 09:53:12','fmDDfm/fmMMfm/YYYY HH24:MI:SS'),
   '1');
Insert into HOSPITAL.T_HOSPITAL_POLICLINIC_REL
(PK, FK_HOSPITAL, FK_POLICLINIC, CREATION_TIME, MODIFIED_TIME,
 IS_ACTIVE)
Values
  (105, 1, 6, TO_TIMESTAMP('23/3/2017 09:53:15','fmDDfm/fmMMfm/YYYY HH24:MI:SS'), TO_TIMESTAMP('23/3/2017 09:53:15','fmDDfm/fmMMfm/YYYY HH24:MI:SS'),
   '1');
COMMIT;

--SQL Statement which produced this data:
--
--  SELECT * FROM HOSPITAL.T_APPOINTMENT;
--

Insert into HOSPITAL.T_APPOINTMENT
   (PK, APPOINTMENT_DATE, APPOINTMENT_STATUS, CREATION_TIME, MODIFIED_TIME,
    IS_ACTIVE, FK_INSPECTION_PLACE)
 Values
   (105, TO_TIMESTAMP('6/1/2017 11:00:00 AM','fmMMfm/fmDDfm/YYYY fmHH12fm:MI:SS AM'), 'NOT_RESERVED', TO_TIMESTAMP('4/12/2017 11:20:56 AM','fmMMfm/fmDDfm/YYYY fmHH12fm:MI:SS AM'), TO_TIMESTAMP('4/12/2017 11:20:56 AM','fmMMfm/fmDDfm/YYYY fmHH12fm:MI:SS AM'),
    '1', 1);
Insert into HOSPITAL.T_APPOINTMENT
   (PK, APPOINTMENT_DATE, APPOINTMENT_STATUS, CREATION_TIME, MODIFIED_TIME,
    IS_ACTIVE, FK_INSPECTION_PLACE)
 Values
   (103, TO_TIMESTAMP('6/1/2017 10:20:00 AM','fmMMfm/fmDDfm/YYYY fmHH12fm:MI:SS AM'), 'NOT_RESERVED', TO_TIMESTAMP('4/12/2017 11:20:42 AM','fmMMfm/fmDDfm/YYYY fmHH12fm:MI:SS AM'), TO_TIMESTAMP('4/12/2017 11:20:42 AM','fmMMfm/fmDDfm/YYYY fmHH12fm:MI:SS AM'),
    '1', 1);
Insert into HOSPITAL.T_APPOINTMENT
   (PK, APPOINTMENT_DATE, APPOINTMENT_STATUS, CREATION_TIME, MODIFIED_TIME,
    IS_ACTIVE, FK_INSPECTION_PLACE)
 Values
   (104, TO_TIMESTAMP('6/1/2017 10:40:00 AM','fmMMfm/fmDDfm/YYYY fmHH12fm:MI:SS AM'), 'NOT_RESERVED', TO_TIMESTAMP('4/12/2017 11:20:47 AM','fmMMfm/fmDDfm/YYYY fmHH12fm:MI:SS AM'), TO_TIMESTAMP('4/12/2017 11:20:47 AM','fmMMfm/fmDDfm/YYYY fmHH12fm:MI:SS AM'),
    '1', 1);
Insert into HOSPITAL.T_APPOINTMENT
   (PK, APPOINTMENT_DATE, APPOINTMENT_STATUS, CREATION_TIME, MODIFIED_TIME,
    IS_ACTIVE, FK_INSPECTION_PLACE)
 Values
   (106, TO_TIMESTAMP('6/1/2017 11:20:00 AM','fmMMfm/fmDDfm/YYYY fmHH12fm:MI:SS AM'), 'NOT_RESERVED', TO_TIMESTAMP('4/12/2017 11:30:39 AM','fmMMfm/fmDDfm/YYYY fmHH12fm:MI:SS AM'), TO_TIMESTAMP('4/12/2017 11:30:39 AM','fmMMfm/fmDDfm/YYYY fmHH12fm:MI:SS AM'),
    '1', 1);
Insert into HOSPITAL.T_APPOINTMENT
   (PK, APPOINTMENT_DATE, APPOINTMENT_STATUS, CREATION_TIME, MODIFIED_TIME,
    IS_ACTIVE, FK_INSPECTION_PLACE)
 Values
   (107, TO_TIMESTAMP('6/1/2017 11:40:00 AM','fmMMfm/fmDDfm/YYYY fmHH12fm:MI:SS AM'), 'NOT_RESERVED', TO_TIMESTAMP('4/12/2017 11:30:39 AM','fmMMfm/fmDDfm/YYYY fmHH12fm:MI:SS AM'), TO_TIMESTAMP('4/12/2017 11:30:39 AM','fmMMfm/fmDDfm/YYYY fmHH12fm:MI:SS AM'),
    '1', 1);
Insert into HOSPITAL.T_APPOINTMENT
   (PK, APPOINTMENT_DATE, APPOINTMENT_STATUS, CREATION_TIME, MODIFIED_TIME,
    IS_ACTIVE, FK_INSPECTION_PLACE)
 Values
   (108, TO_TIMESTAMP('6/1/2017 1:00:00 PM','fmMMfm/fmDDfm/YYYY fmHH12fm:MI:SS AM'), 'NOT_RESERVED', TO_TIMESTAMP('4/12/2017 11:30:39 AM','fmMMfm/fmDDfm/YYYY fmHH12fm:MI:SS AM'), TO_TIMESTAMP('4/12/2017 11:30:39 AM','fmMMfm/fmDDfm/YYYY fmHH12fm:MI:SS AM'),
    '1', 1);
Insert into HOSPITAL.T_APPOINTMENT
   (PK, APPOINTMENT_DATE, APPOINTMENT_STATUS, CREATION_TIME, MODIFIED_TIME,
    IS_ACTIVE, FK_INSPECTION_PLACE)
 Values
   (109, TO_TIMESTAMP('6/1/2017 1:20:00 PM','fmMMfm/fmDDfm/YYYY fmHH12fm:MI:SS AM'), 'NOT_RESERVED', TO_TIMESTAMP('4/12/2017 11:30:39 AM','fmMMfm/fmDDfm/YYYY fmHH12fm:MI:SS AM'), TO_TIMESTAMP('4/12/2017 11:30:39 AM','fmMMfm/fmDDfm/YYYY fmHH12fm:MI:SS AM'),
    '1', 1);
Insert into HOSPITAL.T_APPOINTMENT
   (PK, APPOINTMENT_DATE, APPOINTMENT_STATUS, CREATION_TIME, MODIFIED_TIME,
    IS_ACTIVE, FK_INSPECTION_PLACE)
 Values
   (110, TO_TIMESTAMP('6/1/2017 1:40:00 PM','fmMMfm/fmDDfm/YYYY fmHH12fm:MI:SS AM'), 'NOT_RESERVED', TO_TIMESTAMP('4/12/2017 11:30:39 AM','fmMMfm/fmDDfm/YYYY fmHH12fm:MI:SS AM'), TO_TIMESTAMP('4/12/2017 11:30:39 AM','fmMMfm/fmDDfm/YYYY fmHH12fm:MI:SS AM'),
    '1', 1);
Insert into HOSPITAL.T_APPOINTMENT
   (PK, APPOINTMENT_DATE, APPOINTMENT_STATUS, CREATION_TIME, MODIFIED_TIME,
    IS_ACTIVE, FK_INSPECTION_PLACE)
 Values
   (111, TO_TIMESTAMP('6/1/2017 2:00:00 PM','fmMMfm/fmDDfm/YYYY fmHH12fm:MI:SS AM'), 'NOT_RESERVED', TO_TIMESTAMP('4/12/2017 11:30:39 AM','fmMMfm/fmDDfm/YYYY fmHH12fm:MI:SS AM'), TO_TIMESTAMP('4/12/2017 11:30:39 AM','fmMMfm/fmDDfm/YYYY fmHH12fm:MI:SS AM'),
    '1', 1);
Insert into HOSPITAL.T_APPOINTMENT
   (PK, APPOINTMENT_DATE, APPOINTMENT_STATUS, CREATION_TIME, MODIFIED_TIME,
    IS_ACTIVE, FK_INSPECTION_PLACE)
 Values
   (112, TO_TIMESTAMP('6/1/2017 2:20:00 PM','fmMMfm/fmDDfm/YYYY fmHH12fm:MI:SS AM'), 'NOT_RESERVED', TO_TIMESTAMP('4/12/2017 11:30:39 AM','fmMMfm/fmDDfm/YYYY fmHH12fm:MI:SS AM'), TO_TIMESTAMP('4/12/2017 11:30:39 AM','fmMMfm/fmDDfm/YYYY fmHH12fm:MI:SS AM'),
    '1', 1);
Insert into HOSPITAL.T_APPOINTMENT
   (PK, APPOINTMENT_DATE, APPOINTMENT_STATUS, CREATION_TIME, MODIFIED_TIME,
    IS_ACTIVE, FK_INSPECTION_PLACE)
 Values
   (113, TO_TIMESTAMP('6/1/2017 2:40:00 PM','fmMMfm/fmDDfm/YYYY fmHH12fm:MI:SS AM'), 'NOT_RESERVED', TO_TIMESTAMP('4/12/2017 11:30:39 AM','fmMMfm/fmDDfm/YYYY fmHH12fm:MI:SS AM'), TO_TIMESTAMP('4/12/2017 11:30:39 AM','fmMMfm/fmDDfm/YYYY fmHH12fm:MI:SS AM'),
    '1', 1);
Insert into HOSPITAL.T_APPOINTMENT
   (PK, APPOINTMENT_DATE, APPOINTMENT_STATUS, CREATION_TIME, MODIFIED_TIME,
    IS_ACTIVE, FK_INSPECTION_PLACE)
 Values
   (114, TO_TIMESTAMP('6/1/2017 3:00:00 PM','fmMMfm/fmDDfm/YYYY fmHH12fm:MI:SS AM'), 'NOT_RESERVED', TO_TIMESTAMP('4/12/2017 11:30:39 AM','fmMMfm/fmDDfm/YYYY fmHH12fm:MI:SS AM'), TO_TIMESTAMP('4/12/2017 11:30:39 AM','fmMMfm/fmDDfm/YYYY fmHH12fm:MI:SS AM'),
    '1', 1);
Insert into HOSPITAL.T_APPOINTMENT
   (PK, APPOINTMENT_DATE, APPOINTMENT_STATUS, CREATION_TIME, MODIFIED_TIME,
    IS_ACTIVE, FK_INSPECTION_PLACE)
 Values
   (115, TO_TIMESTAMP('6/1/2017 3:20:00 PM','fmMMfm/fmDDfm/YYYY fmHH12fm:MI:SS AM'), 'NOT_RESERVED', TO_TIMESTAMP('4/12/2017 11:30:39 AM','fmMMfm/fmDDfm/YYYY fmHH12fm:MI:SS AM'), TO_TIMESTAMP('4/12/2017 11:30:39 AM','fmMMfm/fmDDfm/YYYY fmHH12fm:MI:SS AM'),
    '1', 1);
Insert into HOSPITAL.T_APPOINTMENT
   (PK, APPOINTMENT_DATE, APPOINTMENT_STATUS, CREATION_TIME, MODIFIED_TIME,
    IS_ACTIVE, FK_INSPECTION_PLACE)
 Values
   (116, TO_TIMESTAMP('6/1/2017 3:40:00 PM','fmMMfm/fmDDfm/YYYY fmHH12fm:MI:SS AM'), 'NOT_RESERVED', TO_TIMESTAMP('4/12/2017 11:30:39 AM','fmMMfm/fmDDfm/YYYY fmHH12fm:MI:SS AM'), TO_TIMESTAMP('4/12/2017 11:30:39 AM','fmMMfm/fmDDfm/YYYY fmHH12fm:MI:SS AM'),
    '1', 1);
Insert into HOSPITAL.T_APPOINTMENT
   (PK, APPOINTMENT_DATE, APPOINTMENT_STATUS, CREATION_TIME, MODIFIED_TIME,
    IS_ACTIVE, FK_INSPECTION_PLACE)
 Values
   (117, TO_TIMESTAMP('6/1/2017 4:00:00 PM','fmMMfm/fmDDfm/YYYY fmHH12fm:MI:SS AM'), 'NOT_RESERVED', TO_TIMESTAMP('4/12/2017 11:30:39 AM','fmMMfm/fmDDfm/YYYY fmHH12fm:MI:SS AM'), TO_TIMESTAMP('4/12/2017 11:30:39 AM','fmMMfm/fmDDfm/YYYY fmHH12fm:MI:SS AM'),
    '1', 1);
Insert into HOSPITAL.T_APPOINTMENT
   (PK, APPOINTMENT_DATE, APPOINTMENT_STATUS, CREATION_TIME, MODIFIED_TIME,
    IS_ACTIVE, FK_INSPECTION_PLACE)
 Values
   (118, TO_TIMESTAMP('6/1/2017 4:20:00 PM','fmMMfm/fmDDfm/YYYY fmHH12fm:MI:SS AM'), 'NOT_RESERVED', TO_TIMESTAMP('4/12/2017 11:30:40 AM','fmMMfm/fmDDfm/YYYY fmHH12fm:MI:SS AM'), TO_TIMESTAMP('4/12/2017 11:30:40 AM','fmMMfm/fmDDfm/YYYY fmHH12fm:MI:SS AM'),
    '1', 1);
Insert into HOSPITAL.T_APPOINTMENT
   (PK, APPOINTMENT_DATE, APPOINTMENT_STATUS, CREATION_TIME, MODIFIED_TIME,
    IS_ACTIVE, FK_INSPECTION_PLACE)
 Values
   (119, TO_TIMESTAMP('6/1/2017 4:40:00 PM','fmMMfm/fmDDfm/YYYY fmHH12fm:MI:SS AM'), 'NOT_RESERVED', TO_TIMESTAMP('4/12/2017 11:30:40 AM','fmMMfm/fmDDfm/YYYY fmHH12fm:MI:SS AM'), TO_TIMESTAMP('4/12/2017 11:30:40 AM','fmMMfm/fmDDfm/YYYY fmHH12fm:MI:SS AM'),
    '1', 1);
Insert into HOSPITAL.T_APPOINTMENT
   (PK, APPOINTMENT_DATE, APPOINTMENT_STATUS, CREATION_TIME, MODIFIED_TIME,
    IS_ACTIVE, FK_INSPECTION_PLACE)
 Values
   (120, TO_TIMESTAMP('6/2/2017 11:00:00 AM','fmMMfm/fmDDfm/YYYY fmHH12fm:MI:SS AM'), 'NOT_RESERVED', TO_TIMESTAMP('4/12/2017 11:20:56 AM','fmMMfm/fmDDfm/YYYY fmHH12fm:MI:SS AM'), TO_TIMESTAMP('4/12/2017 11:20:56 AM','fmMMfm/fmDDfm/YYYY fmHH12fm:MI:SS AM'),
    '1', 1);
Insert into HOSPITAL.T_APPOINTMENT
   (PK, APPOINTMENT_DATE, APPOINTMENT_STATUS, CREATION_TIME, MODIFIED_TIME,
    IS_ACTIVE, FK_INSPECTION_PLACE)
 Values
   (121, TO_TIMESTAMP('6/2/2017 10:20:00 AM','fmMMfm/fmDDfm/YYYY fmHH12fm:MI:SS AM'), 'NOT_RESERVED', TO_TIMESTAMP('4/12/2017 11:20:42 AM','fmMMfm/fmDDfm/YYYY fmHH12fm:MI:SS AM'), TO_TIMESTAMP('4/12/2017 11:20:42 AM','fmMMfm/fmDDfm/YYYY fmHH12fm:MI:SS AM'),
    '1', 1);
Insert into HOSPITAL.T_APPOINTMENT
   (PK, APPOINTMENT_DATE, APPOINTMENT_STATUS, CREATION_TIME, MODIFIED_TIME,
    IS_ACTIVE, FK_INSPECTION_PLACE)
 Values
   (122, TO_TIMESTAMP('6/2/2017 10:40:00 AM','fmMMfm/fmDDfm/YYYY fmHH12fm:MI:SS AM'), 'NOT_RESERVED', TO_TIMESTAMP('4/12/2017 11:20:47 AM','fmMMfm/fmDDfm/YYYY fmHH12fm:MI:SS AM'), TO_TIMESTAMP('4/12/2017 11:20:47 AM','fmMMfm/fmDDfm/YYYY fmHH12fm:MI:SS AM'),
    '1', 1);
Insert into HOSPITAL.T_APPOINTMENT
   (PK, APPOINTMENT_DATE, APPOINTMENT_STATUS, CREATION_TIME, MODIFIED_TIME,
    IS_ACTIVE, FK_INSPECTION_PLACE)
 Values
   (123, TO_TIMESTAMP('6/2/2017 11:20:00 AM','fmMMfm/fmDDfm/YYYY fmHH12fm:MI:SS AM'), 'NOT_RESERVED', TO_TIMESTAMP('4/12/2017 11:30:39 AM','fmMMfm/fmDDfm/YYYY fmHH12fm:MI:SS AM'), TO_TIMESTAMP('4/12/2017 11:30:39 AM','fmMMfm/fmDDfm/YYYY fmHH12fm:MI:SS AM'),
    '1', 1);
Insert into HOSPITAL.T_APPOINTMENT
   (PK, APPOINTMENT_DATE, APPOINTMENT_STATUS, CREATION_TIME, MODIFIED_TIME,
    IS_ACTIVE, FK_INSPECTION_PLACE)
 Values
   (124, TO_TIMESTAMP('6/2/2017 11:40:00 AM','fmMMfm/fmDDfm/YYYY fmHH12fm:MI:SS AM'), 'NOT_RESERVED', TO_TIMESTAMP('4/12/2017 11:30:39 AM','fmMMfm/fmDDfm/YYYY fmHH12fm:MI:SS AM'), TO_TIMESTAMP('4/12/2017 11:30:39 AM','fmMMfm/fmDDfm/YYYY fmHH12fm:MI:SS AM'),
    '1', 1);
Insert into HOSPITAL.T_APPOINTMENT
   (PK, APPOINTMENT_DATE, APPOINTMENT_STATUS, CREATION_TIME, MODIFIED_TIME,
    IS_ACTIVE, FK_INSPECTION_PLACE)
 Values
   (125, TO_TIMESTAMP('6/2/2017 1:00:00 PM','fmMMfm/fmDDfm/YYYY fmHH12fm:MI:SS AM'), 'NOT_RESERVED', TO_TIMESTAMP('4/12/2017 11:30:39 AM','fmMMfm/fmDDfm/YYYY fmHH12fm:MI:SS AM'), TO_TIMESTAMP('4/12/2017 11:30:39 AM','fmMMfm/fmDDfm/YYYY fmHH12fm:MI:SS AM'),
    '1', 1);
Insert into HOSPITAL.T_APPOINTMENT
   (PK, APPOINTMENT_DATE, APPOINTMENT_STATUS, CREATION_TIME, MODIFIED_TIME,
    IS_ACTIVE, FK_INSPECTION_PLACE)
 Values
   (126, TO_TIMESTAMP('6/2/2017 1:20:00 PM','fmMMfm/fmDDfm/YYYY fmHH12fm:MI:SS AM'), 'NOT_RESERVED', TO_TIMESTAMP('4/12/2017 11:30:39 AM','fmMMfm/fmDDfm/YYYY fmHH12fm:MI:SS AM'), TO_TIMESTAMP('4/12/2017 11:30:39 AM','fmMMfm/fmDDfm/YYYY fmHH12fm:MI:SS AM'),
    '1', 1);
Insert into HOSPITAL.T_APPOINTMENT
   (PK, APPOINTMENT_DATE, APPOINTMENT_STATUS, CREATION_TIME, MODIFIED_TIME,
    IS_ACTIVE, FK_INSPECTION_PLACE)
 Values
   (127, TO_TIMESTAMP('6/2/2017 1:40:00 PM','fmMMfm/fmDDfm/YYYY fmHH12fm:MI:SS AM'), 'NOT_RESERVED', TO_TIMESTAMP('4/12/2017 11:30:39 AM','fmMMfm/fmDDfm/YYYY fmHH12fm:MI:SS AM'), TO_TIMESTAMP('4/12/2017 11:30:39 AM','fmMMfm/fmDDfm/YYYY fmHH12fm:MI:SS AM'),
    '1', 1);
Insert into HOSPITAL.T_APPOINTMENT
   (PK, APPOINTMENT_DATE, APPOINTMENT_STATUS, CREATION_TIME, MODIFIED_TIME,
    IS_ACTIVE, FK_INSPECTION_PLACE)
 Values
   (128, TO_TIMESTAMP('6/2/2017 2:00:00 PM','fmMMfm/fmDDfm/YYYY fmHH12fm:MI:SS AM'), 'NOT_RESERVED', TO_TIMESTAMP('4/12/2017 11:30:39 AM','fmMMfm/fmDDfm/YYYY fmHH12fm:MI:SS AM'), TO_TIMESTAMP('4/12/2017 11:30:39 AM','fmMMfm/fmDDfm/YYYY fmHH12fm:MI:SS AM'),
    '1', 1);
Insert into HOSPITAL.T_APPOINTMENT
   (PK, APPOINTMENT_DATE, APPOINTMENT_STATUS, CREATION_TIME, MODIFIED_TIME,
    IS_ACTIVE, FK_INSPECTION_PLACE)
 Values
   (129, TO_TIMESTAMP('6/2/2017 2:20:00 PM','fmMMfm/fmDDfm/YYYY fmHH12fm:MI:SS AM'), 'NOT_RESERVED', TO_TIMESTAMP('4/12/2017 11:30:39 AM','fmMMfm/fmDDfm/YYYY fmHH12fm:MI:SS AM'), TO_TIMESTAMP('4/12/2017 11:30:39 AM','fmMMfm/fmDDfm/YYYY fmHH12fm:MI:SS AM'),
    '1', 1);
Insert into HOSPITAL.T_APPOINTMENT
   (PK, APPOINTMENT_DATE, APPOINTMENT_STATUS, CREATION_TIME, MODIFIED_TIME,
    IS_ACTIVE, FK_INSPECTION_PLACE)
 Values
   (130, TO_TIMESTAMP('6/2/2017 2:40:00 PM','fmMMfm/fmDDfm/YYYY fmHH12fm:MI:SS AM'), 'NOT_RESERVED', TO_TIMESTAMP('4/12/2017 11:30:39 AM','fmMMfm/fmDDfm/YYYY fmHH12fm:MI:SS AM'), TO_TIMESTAMP('4/12/2017 11:30:39 AM','fmMMfm/fmDDfm/YYYY fmHH12fm:MI:SS AM'),
    '1', 1);
Insert into HOSPITAL.T_APPOINTMENT
   (PK, APPOINTMENT_DATE, APPOINTMENT_STATUS, CREATION_TIME, MODIFIED_TIME,
    IS_ACTIVE, FK_INSPECTION_PLACE)
 Values
   (131, TO_TIMESTAMP('6/2/2017 3:00:00 PM','fmMMfm/fmDDfm/YYYY fmHH12fm:MI:SS AM'), 'NOT_RESERVED', TO_TIMESTAMP('4/12/2017 11:30:39 AM','fmMMfm/fmDDfm/YYYY fmHH12fm:MI:SS AM'), TO_TIMESTAMP('4/12/2017 11:30:39 AM','fmMMfm/fmDDfm/YYYY fmHH12fm:MI:SS AM'),
    '1', 1);
Insert into HOSPITAL.T_APPOINTMENT
   (PK, APPOINTMENT_DATE, APPOINTMENT_STATUS, CREATION_TIME, MODIFIED_TIME,
    IS_ACTIVE, FK_INSPECTION_PLACE)
 Values
   (132, TO_TIMESTAMP('6/2/2017 3:20:00 PM','fmMMfm/fmDDfm/YYYY fmHH12fm:MI:SS AM'), 'NOT_RESERVED', TO_TIMESTAMP('4/12/2017 11:30:39 AM','fmMMfm/fmDDfm/YYYY fmHH12fm:MI:SS AM'), TO_TIMESTAMP('4/12/2017 11:30:39 AM','fmMMfm/fmDDfm/YYYY fmHH12fm:MI:SS AM'),
    '1', 1);
Insert into HOSPITAL.T_APPOINTMENT
   (PK, APPOINTMENT_DATE, APPOINTMENT_STATUS, CREATION_TIME, MODIFIED_TIME,
    IS_ACTIVE, FK_INSPECTION_PLACE)
 Values
   (133, TO_TIMESTAMP('6/2/2017 3:40:00 PM','fmMMfm/fmDDfm/YYYY fmHH12fm:MI:SS AM'), 'NOT_RESERVED', TO_TIMESTAMP('4/12/2017 11:30:39 AM','fmMMfm/fmDDfm/YYYY fmHH12fm:MI:SS AM'), TO_TIMESTAMP('4/12/2017 11:30:39 AM','fmMMfm/fmDDfm/YYYY fmHH12fm:MI:SS AM'),
    '1', 1);
Insert into HOSPITAL.T_APPOINTMENT
   (PK, APPOINTMENT_DATE, APPOINTMENT_STATUS, CREATION_TIME, MODIFIED_TIME,
    IS_ACTIVE, FK_INSPECTION_PLACE)
 Values
   (134, TO_TIMESTAMP('6/2/2017 4:00:00 PM','fmMMfm/fmDDfm/YYYY fmHH12fm:MI:SS AM'), 'NOT_RESERVED', TO_TIMESTAMP('4/12/2017 11:30:39 AM','fmMMfm/fmDDfm/YYYY fmHH12fm:MI:SS AM'), TO_TIMESTAMP('4/12/2017 11:30:39 AM','fmMMfm/fmDDfm/YYYY fmHH12fm:MI:SS AM'),
    '1', 1);
Insert into HOSPITAL.T_APPOINTMENT
   (PK, APPOINTMENT_DATE, APPOINTMENT_STATUS, CREATION_TIME, MODIFIED_TIME,
    IS_ACTIVE, FK_INSPECTION_PLACE)
 Values
   (135, TO_TIMESTAMP('6/2/2017 4:20:00 PM','fmMMfm/fmDDfm/YYYY fmHH12fm:MI:SS AM'), 'NOT_RESERVED', TO_TIMESTAMP('4/12/2017 11:30:40 AM','fmMMfm/fmDDfm/YYYY fmHH12fm:MI:SS AM'), TO_TIMESTAMP('4/12/2017 11:30:40 AM','fmMMfm/fmDDfm/YYYY fmHH12fm:MI:SS AM'),
    '1', 1);
Insert into HOSPITAL.T_APPOINTMENT
   (PK, APPOINTMENT_DATE, APPOINTMENT_STATUS, CREATION_TIME, MODIFIED_TIME,
    IS_ACTIVE, FK_INSPECTION_PLACE)
 Values
   (136, TO_TIMESTAMP('6/2/2017 4:40:00 PM','fmMMfm/fmDDfm/YYYY fmHH12fm:MI:SS AM'), 'NOT_RESERVED', TO_TIMESTAMP('4/12/2017 11:30:40 AM','fmMMfm/fmDDfm/YYYY fmHH12fm:MI:SS AM'), TO_TIMESTAMP('4/12/2017 11:30:40 AM','fmMMfm/fmDDfm/YYYY fmHH12fm:MI:SS AM'),
    '1', 1);
Insert into HOSPITAL.T_APPOINTMENT
   (PK, APPOINTMENT_DATE, APPOINTMENT_STATUS, CREATION_TIME, MODIFIED_TIME,
    IS_ACTIVE, FK_INSPECTION_PLACE)
 Values
   (137, TO_TIMESTAMP('6/1/2017 11:00:00 AM','fmMMfm/fmDDfm/YYYY fmHH12fm:MI:SS AM'), 'NOT_RESERVED', TO_TIMESTAMP('4/12/2017 11:20:56 AM','fmMMfm/fmDDfm/YYYY fmHH12fm:MI:SS AM'), TO_TIMESTAMP('4/12/2017 11:20:56 AM','fmMMfm/fmDDfm/YYYY fmHH12fm:MI:SS AM'),
    '1', 0);
Insert into HOSPITAL.T_APPOINTMENT
   (PK, APPOINTMENT_DATE, APPOINTMENT_STATUS, CREATION_TIME, MODIFIED_TIME,
    IS_ACTIVE, FK_INSPECTION_PLACE)
 Values
   (138, TO_TIMESTAMP('6/1/2017 10:20:00 AM','fmMMfm/fmDDfm/YYYY fmHH12fm:MI:SS AM'), 'NOT_RESERVED', TO_TIMESTAMP('4/12/2017 11:20:42 AM','fmMMfm/fmDDfm/YYYY fmHH12fm:MI:SS AM'), TO_TIMESTAMP('4/12/2017 11:20:42 AM','fmMMfm/fmDDfm/YYYY fmHH12fm:MI:SS AM'),
    '1', 0);
Insert into HOSPITAL.T_APPOINTMENT
   (PK, APPOINTMENT_DATE, APPOINTMENT_STATUS, CREATION_TIME, MODIFIED_TIME,
    IS_ACTIVE, FK_INSPECTION_PLACE)
 Values
   (139, TO_TIMESTAMP('6/1/2017 10:40:00 AM','fmMMfm/fmDDfm/YYYY fmHH12fm:MI:SS AM'), 'NOT_RESERVED', TO_TIMESTAMP('4/12/2017 11:20:47 AM','fmMMfm/fmDDfm/YYYY fmHH12fm:MI:SS AM'), TO_TIMESTAMP('4/12/2017 11:20:47 AM','fmMMfm/fmDDfm/YYYY fmHH12fm:MI:SS AM'),
    '1', 0);
Insert into HOSPITAL.T_APPOINTMENT
   (PK, APPOINTMENT_DATE, APPOINTMENT_STATUS, CREATION_TIME, MODIFIED_TIME,
    IS_ACTIVE, FK_INSPECTION_PLACE)
 Values
   (140, TO_TIMESTAMP('6/1/2017 11:20:00 AM','fmMMfm/fmDDfm/YYYY fmHH12fm:MI:SS AM'), 'NOT_RESERVED', TO_TIMESTAMP('4/12/2017 11:30:39 AM','fmMMfm/fmDDfm/YYYY fmHH12fm:MI:SS AM'), TO_TIMESTAMP('4/12/2017 11:30:39 AM','fmMMfm/fmDDfm/YYYY fmHH12fm:MI:SS AM'),
    '1', 0);
Insert into HOSPITAL.T_APPOINTMENT
   (PK, APPOINTMENT_DATE, APPOINTMENT_STATUS, CREATION_TIME, MODIFIED_TIME,
    IS_ACTIVE, FK_INSPECTION_PLACE)
 Values
   (141, TO_TIMESTAMP('6/1/2017 11:40:00 AM','fmMMfm/fmDDfm/YYYY fmHH12fm:MI:SS AM'), 'NOT_RESERVED', TO_TIMESTAMP('4/12/2017 11:30:39 AM','fmMMfm/fmDDfm/YYYY fmHH12fm:MI:SS AM'), TO_TIMESTAMP('4/12/2017 11:30:39 AM','fmMMfm/fmDDfm/YYYY fmHH12fm:MI:SS AM'),
    '1', 0);
Insert into HOSPITAL.T_APPOINTMENT
   (PK, APPOINTMENT_DATE, APPOINTMENT_STATUS, CREATION_TIME, MODIFIED_TIME,
    IS_ACTIVE, FK_INSPECTION_PLACE)
 Values
   (142, TO_TIMESTAMP('6/1/2017 1:00:00 PM','fmMMfm/fmDDfm/YYYY fmHH12fm:MI:SS AM'), 'NOT_RESERVED', TO_TIMESTAMP('4/12/2017 11:30:39 AM','fmMMfm/fmDDfm/YYYY fmHH12fm:MI:SS AM'), TO_TIMESTAMP('4/12/2017 11:30:39 AM','fmMMfm/fmDDfm/YYYY fmHH12fm:MI:SS AM'),
    '1', 0);
Insert into HOSPITAL.T_APPOINTMENT
   (PK, APPOINTMENT_DATE, APPOINTMENT_STATUS, CREATION_TIME, MODIFIED_TIME,
    IS_ACTIVE, FK_INSPECTION_PLACE)
 Values
   (143, TO_TIMESTAMP('6/1/2017 1:20:00 PM','fmMMfm/fmDDfm/YYYY fmHH12fm:MI:SS AM'), 'NOT_RESERVED', TO_TIMESTAMP('4/12/2017 11:30:39 AM','fmMMfm/fmDDfm/YYYY fmHH12fm:MI:SS AM'), TO_TIMESTAMP('4/12/2017 11:30:39 AM','fmMMfm/fmDDfm/YYYY fmHH12fm:MI:SS AM'),
    '1', 0);
Insert into HOSPITAL.T_APPOINTMENT
   (PK, APPOINTMENT_DATE, APPOINTMENT_STATUS, CREATION_TIME, MODIFIED_TIME,
    IS_ACTIVE, FK_INSPECTION_PLACE)
 Values
   (144, TO_TIMESTAMP('6/1/2017 1:40:00 PM','fmMMfm/fmDDfm/YYYY fmHH12fm:MI:SS AM'), 'NOT_RESERVED', TO_TIMESTAMP('4/12/2017 11:30:39 AM','fmMMfm/fmDDfm/YYYY fmHH12fm:MI:SS AM'), TO_TIMESTAMP('4/12/2017 11:30:39 AM','fmMMfm/fmDDfm/YYYY fmHH12fm:MI:SS AM'),
    '1', 0);
Insert into HOSPITAL.T_APPOINTMENT
   (PK, APPOINTMENT_DATE, APPOINTMENT_STATUS, CREATION_TIME, MODIFIED_TIME,
    IS_ACTIVE, FK_INSPECTION_PLACE)
 Values
   (145, TO_TIMESTAMP('6/1/2017 2:00:00 PM','fmMMfm/fmDDfm/YYYY fmHH12fm:MI:SS AM'), 'NOT_RESERVED', TO_TIMESTAMP('4/12/2017 11:30:39 AM','fmMMfm/fmDDfm/YYYY fmHH12fm:MI:SS AM'), TO_TIMESTAMP('4/12/2017 11:30:39 AM','fmMMfm/fmDDfm/YYYY fmHH12fm:MI:SS AM'),
    '1', 0);
Insert into HOSPITAL.T_APPOINTMENT
   (PK, APPOINTMENT_DATE, APPOINTMENT_STATUS, CREATION_TIME, MODIFIED_TIME,
    IS_ACTIVE, FK_INSPECTION_PLACE)
 Values
   (146, TO_TIMESTAMP('6/1/2017 2:20:00 PM','fmMMfm/fmDDfm/YYYY fmHH12fm:MI:SS AM'), 'NOT_RESERVED', TO_TIMESTAMP('4/12/2017 11:30:39 AM','fmMMfm/fmDDfm/YYYY fmHH12fm:MI:SS AM'), TO_TIMESTAMP('4/12/2017 11:30:39 AM','fmMMfm/fmDDfm/YYYY fmHH12fm:MI:SS AM'),
    '1', 0);
Insert into HOSPITAL.T_APPOINTMENT
   (PK, APPOINTMENT_DATE, APPOINTMENT_STATUS, CREATION_TIME, MODIFIED_TIME,
    IS_ACTIVE, FK_INSPECTION_PLACE)
 Values
   (147, TO_TIMESTAMP('6/1/2017 2:40:00 PM','fmMMfm/fmDDfm/YYYY fmHH12fm:MI:SS AM'), 'NOT_RESERVED', TO_TIMESTAMP('4/12/2017 11:30:39 AM','fmMMfm/fmDDfm/YYYY fmHH12fm:MI:SS AM'), TO_TIMESTAMP('4/12/2017 11:30:39 AM','fmMMfm/fmDDfm/YYYY fmHH12fm:MI:SS AM'),
    '1', 0);
Insert into HOSPITAL.T_APPOINTMENT
   (PK, APPOINTMENT_DATE, APPOINTMENT_STATUS, CREATION_TIME, MODIFIED_TIME,
    IS_ACTIVE, FK_INSPECTION_PLACE)
 Values
   (148, TO_TIMESTAMP('6/1/2017 3:00:00 PM','fmMMfm/fmDDfm/YYYY fmHH12fm:MI:SS AM'), 'NOT_RESERVED', TO_TIMESTAMP('4/12/2017 11:30:39 AM','fmMMfm/fmDDfm/YYYY fmHH12fm:MI:SS AM'), TO_TIMESTAMP('4/12/2017 11:30:39 AM','fmMMfm/fmDDfm/YYYY fmHH12fm:MI:SS AM'),
    '1', 0);
Insert into HOSPITAL.T_APPOINTMENT
   (PK, APPOINTMENT_DATE, APPOINTMENT_STATUS, CREATION_TIME, MODIFIED_TIME,
    IS_ACTIVE, FK_INSPECTION_PLACE)
 Values
   (149, TO_TIMESTAMP('6/1/2017 3:20:00 PM','fmMMfm/fmDDfm/YYYY fmHH12fm:MI:SS AM'), 'NOT_RESERVED', TO_TIMESTAMP('4/12/2017 11:30:39 AM','fmMMfm/fmDDfm/YYYY fmHH12fm:MI:SS AM'), TO_TIMESTAMP('4/12/2017 11:30:39 AM','fmMMfm/fmDDfm/YYYY fmHH12fm:MI:SS AM'),
    '1', 0);
Insert into HOSPITAL.T_APPOINTMENT
   (PK, APPOINTMENT_DATE, APPOINTMENT_STATUS, CREATION_TIME, MODIFIED_TIME,
    IS_ACTIVE, FK_INSPECTION_PLACE)
 Values
   (150, TO_TIMESTAMP('6/1/2017 3:40:00 PM','fmMMfm/fmDDfm/YYYY fmHH12fm:MI:SS AM'), 'NOT_RESERVED', TO_TIMESTAMP('4/12/2017 11:30:39 AM','fmMMfm/fmDDfm/YYYY fmHH12fm:MI:SS AM'), TO_TIMESTAMP('4/12/2017 11:30:39 AM','fmMMfm/fmDDfm/YYYY fmHH12fm:MI:SS AM'),
    '1', 0);
Insert into HOSPITAL.T_APPOINTMENT
   (PK, APPOINTMENT_DATE, APPOINTMENT_STATUS, CREATION_TIME, MODIFIED_TIME,
    IS_ACTIVE, FK_INSPECTION_PLACE)
 Values
   (151, TO_TIMESTAMP('6/1/2017 4:00:00 PM','fmMMfm/fmDDfm/YYYY fmHH12fm:MI:SS AM'), 'NOT_RESERVED', TO_TIMESTAMP('4/12/2017 11:30:39 AM','fmMMfm/fmDDfm/YYYY fmHH12fm:MI:SS AM'), TO_TIMESTAMP('4/12/2017 11:30:39 AM','fmMMfm/fmDDfm/YYYY fmHH12fm:MI:SS AM'),
    '1', 0);
Insert into HOSPITAL.T_APPOINTMENT
   (PK, APPOINTMENT_DATE, APPOINTMENT_STATUS, CREATION_TIME, MODIFIED_TIME,
    IS_ACTIVE, FK_INSPECTION_PLACE)
 Values
   (152, TO_TIMESTAMP('6/1/2017 4:20:00 PM','fmMMfm/fmDDfm/YYYY fmHH12fm:MI:SS AM'), 'NOT_RESERVED', TO_TIMESTAMP('4/12/2017 11:30:40 AM','fmMMfm/fmDDfm/YYYY fmHH12fm:MI:SS AM'), TO_TIMESTAMP('4/12/2017 11:30:40 AM','fmMMfm/fmDDfm/YYYY fmHH12fm:MI:SS AM'),
    '1', 0);
Insert into HOSPITAL.T_APPOINTMENT
   (PK, APPOINTMENT_DATE, APPOINTMENT_STATUS, CREATION_TIME, MODIFIED_TIME,
    IS_ACTIVE, FK_INSPECTION_PLACE)
 Values
   (153, TO_TIMESTAMP('6/1/2017 4:40:00 PM','fmMMfm/fmDDfm/YYYY fmHH12fm:MI:SS AM'), 'NOT_RESERVED', TO_TIMESTAMP('4/12/2017 11:30:40 AM','fmMMfm/fmDDfm/YYYY fmHH12fm:MI:SS AM'), TO_TIMESTAMP('4/12/2017 11:30:40 AM','fmMMfm/fmDDfm/YYYY fmHH12fm:MI:SS AM'),
    '1', 0);
COMMIT;


--SQL Statement which produced this data:
--
--  SELECT * FROM HOSPITAL.T_DOCTOR;
--
Insert into HOSPITAL.T_DOCTOR
   (PK, FIRST_NAME, LAST_NAME, RECORD_NUMBER, PASSWORD,
    CREATION_TIME, MODIFIED_TIME, IS_ACTIVE, GENDER, SECRET_QUESTION,
    FK_BRANCH, DOCTOR_LEVEL, FK_INSPECTION_PLACE)
 Values
   (1, 'Semih', 'Terzi', '123456', '8d969eef6ecad3c29a3a629280e686cf0c3f5d5a86aff3ca12020c923adc6c92',
    TO_TIMESTAMP('3/18/2017 2:17:52 PM','fmMMfm/fmDDfm/YYYY fmHH12fm:MI:SS AM'), TO_TIMESTAMP('3/18/2017 2:17:52 PM','fmMMfm/fmDDfm/YYYY fmHH12fm:MI:SS AM'), '1', 'MALE', 'IN_WHAT_CITY_WERE_YOU_BORN',
    12, 'EXPERT', 1);
Insert into HOSPITAL.T_DOCTOR
   (PK, FIRST_NAME, LAST_NAME, RECORD_NUMBER, PASSWORD,
    CREATION_TIME, MODIFIED_TIME, IS_ACTIVE, GENDER, FK_BRANCH,
    DOCTOR_LEVEL, FK_INSPECTION_PLACE)
 Values
   (2, 'Ayşegül', 'Koçan', '222222', '4cc8f4d609b717356701c57a03e737e5ac8fe885da8c7163d3de47e01849c635',
    TO_TIMESTAMP('4/29/2017 8:26:01 PM','fmMMfm/fmDDfm/YYYY fmHH12fm:MI:SS AM'), TO_TIMESTAMP('4/29/2017 8:26:01 PM','fmMMfm/fmDDfm/YYYY fmHH12fm:MI:SS AM'), '1', 'FEMALE', 12,
    'DOCTOR', 2);
Insert into HOSPITAL.T_DOCTOR
   (PK, FIRST_NAME, LAST_NAME, RECORD_NUMBER, PASSWORD,
    CREATION_TIME, MODIFIED_TIME, IS_ACTIVE, GENDER, FK_BRANCH,
    DOCTOR_LEVEL, FK_INSPECTION_PLACE)
 Values
   (3, 'Mustafa', 'Şimşek', '333333', '68487dc295052aa79c530e283ce698b8c6bb1b42ff0944252e1910dbecdc5425',
    TO_TIMESTAMP('4/29/2017 8:40:09 PM','fmMMfm/fmDDfm/YYYY fmHH12fm:MI:SS AM'), TO_TIMESTAMP('4/29/2017 8:40:09 PM','fmMMfm/fmDDfm/YYYY fmHH12fm:MI:SS AM'), '1', 'MALE', 12,
    'EXPERT', 3);
Insert into HOSPITAL.T_DOCTOR
   (PK, FIRST_NAME, LAST_NAME, RECORD_NUMBER, PASSWORD,
    CREATION_TIME, MODIFIED_TIME, IS_ACTIVE, GENDER, FK_BRANCH,
    DOCTOR_LEVEL, FK_INSPECTION_PLACE)
 Values
   (4, 'Selime', 'Paksoy', '444444', '69f7f7a7f8bca9970fa6f9c0b8dad06901d3ef23fd599d3213aa5eee5621c3e3',
    TO_TIMESTAMP('4/29/2017 8:41:36 PM','fmMMfm/fmDDfm/YYYY fmHH12fm:MI:SS AM'), TO_TIMESTAMP('4/29/2017 8:41:36 PM','fmMMfm/fmDDfm/YYYY fmHH12fm:MI:SS AM'), '1', 'FEMALE', 12,
    'EXPERT', 4);
Insert into HOSPITAL.T_DOCTOR
   (PK, FIRST_NAME, LAST_NAME, RECORD_NUMBER, PASSWORD,
    CREATION_TIME, MODIFIED_TIME, IS_ACTIVE, GENDER, FK_BRANCH,
    DOCTOR_LEVEL, FK_INSPECTION_PLACE)
 Values
   (5, 'Aslı', 'Kirazoğlu', '555555', 'af41e68e1309fa29a5044cbdc36b90a3821d8807e68c7675a6c495112bc8a55f',
    TO_TIMESTAMP('4/29/2017 8:42:42 PM','fmMMfm/fmDDfm/YYYY fmHH12fm:MI:SS AM'), TO_TIMESTAMP('4/29/2017 8:42:42 PM','fmMMfm/fmDDfm/YYYY fmHH12fm:MI:SS AM'), '1', 'FEMALE', 12,
    'DOCTOR', 5);
Insert into HOSPITAL.T_DOCTOR
   (PK, FIRST_NAME, LAST_NAME, RECORD_NUMBER, PASSWORD,
    CREATION_TIME, MODIFIED_TIME, IS_ACTIVE, GENDER, FK_BRANCH,
    DOCTOR_LEVEL, FK_INSPECTION_PLACE)
 Values
   (6, 'Erol', 'Terzi', '666666', '94edf28c6d6da38fd35d7ad53e485307f89fbeaf120485c8d17a43f323deee71',
    TO_TIMESTAMP('4/29/2017 8:42:43 PM','fmMMfm/fmDDfm/YYYY fmHH12fm:MI:SS AM'), TO_TIMESTAMP('4/29/2017 8:42:43 PM','fmMMfm/fmDDfm/YYYY fmHH12fm:MI:SS AM'), '1', 'MALE', 12,
    'DOCTOR', 6);
Insert into HOSPITAL.T_DOCTOR
   (PK, FIRST_NAME, LAST_NAME, RECORD_NUMBER, PASSWORD,
    CREATION_TIME, MODIFIED_TIME, IS_ACTIVE, GENDER, FK_BRANCH,
    DOCTOR_LEVEL, FK_INSPECTION_PLACE)
 Values
   (7, 'Kerem', 'Orman', '777777', 'ec4c88ca7f69534f10c0611c1ecd13e7c2cdf73e1b915e9fd0cf27ac10da43fa',
    TO_TIMESTAMP('4/29/2017 8:42:47 PM','fmMMfm/fmDDfm/YYYY fmHH12fm:MI:SS AM'), TO_TIMESTAMP('4/29/2017 8:42:47 PM','fmMMfm/fmDDfm/YYYY fmHH12fm:MI:SS AM'), '1', 'MALE', 12,
    'EXPERT', 7);
COMMIT;



Insert into HOSPITAL.T_ASKED_QUESTIONS
   (PK, QUESTION, ANSWER, CREATION_TIME, MODIFIED_TIME,
    IS_ACTIVE)
 Values
   (100, 'Randevu almak ücretli midir?', 'Hayır, randevu almak ücretsiz bir işlemdir.', TO_TIMESTAMP('4/22/2017 1:03:28 PM','fmMMfm/fmDDfm/YYYY fmHH12fm:MI:SS AM'), TO_TIMESTAMP('4/22/2017 1:03:28 PM','fmMMfm/fmDDfm/YYYY fmHH12fm:MI:SS AM'),
    '1');
Insert into HOSPITAL.T_ASKED_QUESTIONS
   (PK, QUESTION, ANSWER, CREATION_TIME, MODIFIED_TIME,
    IS_ACTIVE)
 Values
   (101, 'Alınan randevu nasıl iptal edilir?', 'Giriş yaptıktan sonra randevularım sayfasından ya da 400 numaralı çağrı merkezimi arayarak iptal edebilirsiniz.', TO_TIMESTAMP('4/22/2017 1:05:33 PM','fmMMfm/fmDDfm/YYYY fmHH12fm:MI:SS AM'), TO_TIMESTAMP('4/22/2017 1:05:33 PM','fmMMfm/fmDDfm/YYYY fmHH12fm:MI:SS AM'),
    '1');
Insert into HOSPITAL.T_ASKED_QUESTIONS
   (PK, QUESTION, ANSWER, CREATION_TIME, MODIFIED_TIME,
    IS_ACTIVE)
 Values
   (102, 'Randevu nasıl alınır?', 'Kayıt olup, giriş yaptıktan sonra randevu al sekmesinden randevunuzu alabilirsiniz.', TO_TIMESTAMP('4/22/2017 1:07:24 PM','fmMMfm/fmDDfm/YYYY fmHH12fm:MI:SS AM'), TO_TIMESTAMP('4/22/2017 1:07:24 PM','fmMMfm/fmDDfm/YYYY fmHH12fm:MI:SS AM'),
    '1');
COMMIT;


Insert into HOSPITAL.T_SURVEY
   (PK, CREATION_TIME, MODIFIED_TIME, IS_ACTIVE, EXPIRATION_TIME,
    SURVEY_QUESTION)
 Values
   (100, TO_TIMESTAMP('4/22/2017 1:09:35 PM','fmMMfm/fmDDfm/YYYY fmHH12fm:MI:SS AM'), TO_TIMESTAMP('4/22/2017 1:09:35 PM','fmMMfm/fmDDfm/YYYY fmHH12fm:MI:SS AM'), '1', TO_TIMESTAMP('6/25/2017 1:09:35 PM','fmMMfm/fmDDfm/YYYY fmHH12fm:MI:SS AM'),
    'Randevu sistemini beğeniyor musunuz?');
Insert into HOSPITAL.T_SURVEY
   (PK, CREATION_TIME, MODIFIED_TIME, IS_ACTIVE, EXPIRATION_TIME,
    SURVEY_QUESTION)
 Values
   (101, TO_TIMESTAMP('4/23/2017 12:49:36 PM','fmMMfm/fmDDfm/YYYY fmHH12fm:MI:SS AM'), TO_TIMESTAMP('4/23/2017 12:49:36 PM','fmMMfm/fmDDfm/YYYY fmHH12fm:MI:SS AM'), '1', TO_TIMESTAMP('6/25/2017 1:09:35 PM','fmMMfm/fmDDfm/YYYY fmHH12fm:MI:SS AM'),
    'Rahat bir şekilde randevunuzu alabiliyor musunuz?');
Insert into HOSPITAL.T_SURVEY
   (PK, CREATION_TIME, MODIFIED_TIME, IS_ACTIVE, EXPIRATION_TIME,
    SURVEY_QUESTION)
 Values
   (102, TO_TIMESTAMP('4/23/2017 12:50:00 PM','fmMMfm/fmDDfm/YYYY fmHH12fm:MI:SS AM'), TO_TIMESTAMP('4/23/2017 12:50:00 PM','fmMMfm/fmDDfm/YYYY fmHH12fm:MI:SS AM'), '1', TO_TIMESTAMP('6/25/2017 1:09:35 PM','fmMMfm/fmDDfm/YYYY fmHH12fm:MI:SS AM'),
    'Randevu sistemini içerik bakımından yeterli buluyor musunuz?');
COMMIT;



SET DEFINE OFF;
Insert into HOSPITAL.T_OPTION
   (PK, OPTION_TEXT, COUNT, CREATION_TIME, MODIFIED_TIME,
    IS_ACTIVE, SORT_ORDER_NO, FK_SURVEY)
 Values
   (101, 'Kesinlikle hayır', 0, TO_TIMESTAMP('4/22/2017 1:15:12 PM','fmMMfm/fmDDfm/YYYY fmHH12fm:MI:SS AM'), TO_TIMESTAMP('4/22/2017 1:15:12 PM','fmMMfm/fmDDfm/YYYY fmHH12fm:MI:SS AM'),
    '1', 4, 100);
Insert into HOSPITAL.T_OPTION
   (PK, OPTION_TEXT, COUNT, CREATION_TIME, MODIFIED_TIME,
    IS_ACTIVE, SORT_ORDER_NO, FK_SURVEY)
 Values
   (102, 'Hayır', 0, TO_TIMESTAMP('4/22/2017 1:15:18 PM','fmMMfm/fmDDfm/YYYY fmHH12fm:MI:SS AM'), TO_TIMESTAMP('4/22/2017 1:15:18 PM','fmMMfm/fmDDfm/YYYY fmHH12fm:MI:SS AM'),
    '1', 3, 100);
Insert into HOSPITAL.T_OPTION
   (PK, OPTION_TEXT, COUNT, CREATION_TIME, MODIFIED_TIME,
    IS_ACTIVE, SORT_ORDER_NO, FK_SURVEY)
 Values
   (103, 'Evet', 0, TO_TIMESTAMP('4/22/2017 1:15:21 PM','fmMMfm/fmDDfm/YYYY fmHH12fm:MI:SS AM'), TO_TIMESTAMP('4/22/2017 1:15:21 PM','fmMMfm/fmDDfm/YYYY fmHH12fm:MI:SS AM'),
    '1', 2, 100);
Insert into HOSPITAL.T_OPTION
   (PK, OPTION_TEXT, COUNT, CREATION_TIME, MODIFIED_TIME,
    IS_ACTIVE, SORT_ORDER_NO, FK_SURVEY)
 Values
   (104, 'Kesinlikle evet', 0, TO_TIMESTAMP('4/22/2017 1:15:24 PM','fmMMfm/fmDDfm/YYYY fmHH12fm:MI:SS AM'), TO_TIMESTAMP('4/22/2017 1:15:24 PM','fmMMfm/fmDDfm/YYYY fmHH12fm:MI:SS AM'),
    '1', 1, 100);
Insert into HOSPITAL.T_OPTION
   (PK, OPTION_TEXT, COUNT, CREATION_TIME, MODIFIED_TIME,
    IS_ACTIVE, SORT_ORDER_NO, FK_SURVEY)
 Values
   (105, 'Kesinlikle hayır', 0, TO_TIMESTAMP('4/22/2017 1:15:28 PM','fmMMfm/fmDDfm/YYYY fmHH12fm:MI:SS AM'), TO_TIMESTAMP('4/22/2017 1:15:28 PM','fmMMfm/fmDDfm/YYYY fmHH12fm:MI:SS AM'),
    '1', 4, 101);
Insert into HOSPITAL.T_OPTION
   (PK, OPTION_TEXT, COUNT, CREATION_TIME, MODIFIED_TIME,
    IS_ACTIVE, SORT_ORDER_NO, FK_SURVEY)
 Values
   (106, 'Hayır', 0, TO_TIMESTAMP('4/22/2017 1:15:32 PM','fmMMfm/fmDDfm/YYYY fmHH12fm:MI:SS AM'), TO_TIMESTAMP('4/22/2017 1:15:32 PM','fmMMfm/fmDDfm/YYYY fmHH12fm:MI:SS AM'),
    '1', 3, 101);
Insert into HOSPITAL.T_OPTION
   (PK, OPTION_TEXT, COUNT, CREATION_TIME, MODIFIED_TIME,
    IS_ACTIVE, SORT_ORDER_NO, FK_SURVEY)
 Values
   (107, 'Evet', 0, TO_TIMESTAMP('4/22/2017 1:15:35 PM','fmMMfm/fmDDfm/YYYY fmHH12fm:MI:SS AM'), TO_TIMESTAMP('4/22/2017 1:15:35 PM','fmMMfm/fmDDfm/YYYY fmHH12fm:MI:SS AM'),
    '1', 2, 101);
Insert into HOSPITAL.T_OPTION
   (PK, OPTION_TEXT, COUNT, CREATION_TIME, MODIFIED_TIME,
    IS_ACTIVE, SORT_ORDER_NO, FK_SURVEY)
 Values
   (108, 'Kesinlikle evet', 0, TO_TIMESTAMP('4/22/2017 1:15:38 PM','fmMMfm/fmDDfm/YYYY fmHH12fm:MI:SS AM'), TO_TIMESTAMP('4/22/2017 1:15:38 PM','fmMMfm/fmDDfm/YYYY fmHH12fm:MI:SS AM'),
    '1', 1, 101);
Insert into HOSPITAL.T_OPTION
   (PK, OPTION_TEXT, COUNT, CREATION_TIME, MODIFIED_TIME,
    IS_ACTIVE, SORT_ORDER_NO, FK_SURVEY)
 Values
   (109, 'Kesinlikle hayır', 0, TO_TIMESTAMP('4/22/2017 1:15:41 PM','fmMMfm/fmDDfm/YYYY fmHH12fm:MI:SS AM'), TO_TIMESTAMP('4/22/2017 1:15:41 PM','fmMMfm/fmDDfm/YYYY fmHH12fm:MI:SS AM'),
    '1', 4, 102);
Insert into HOSPITAL.T_OPTION
   (PK, OPTION_TEXT, COUNT, CREATION_TIME, MODIFIED_TIME,
    IS_ACTIVE, SORT_ORDER_NO, FK_SURVEY)
 Values
   (110, 'Hayır', 0, TO_TIMESTAMP('4/22/2017 1:15:44 PM','fmMMfm/fmDDfm/YYYY fmHH12fm:MI:SS AM'), TO_TIMESTAMP('4/22/2017 1:15:44 PM','fmMMfm/fmDDfm/YYYY fmHH12fm:MI:SS AM'),
    '1', 3, 102);
Insert into HOSPITAL.T_OPTION
   (PK, OPTION_TEXT, COUNT, CREATION_TIME, MODIFIED_TIME,
    IS_ACTIVE, SORT_ORDER_NO, FK_SURVEY)
 Values
   (111, 'Evet', 0, TO_TIMESTAMP('4/22/2017 1:15:46 PM','fmMMfm/fmDDfm/YYYY fmHH12fm:MI:SS AM'), TO_TIMESTAMP('4/22/2017 1:15:46 PM','fmMMfm/fmDDfm/YYYY fmHH12fm:MI:SS AM'),
    '1', 2, 102);
Insert into HOSPITAL.T_OPTION
   (PK, OPTION_TEXT, COUNT, CREATION_TIME, MODIFIED_TIME,
    IS_ACTIVE, SORT_ORDER_NO, FK_SURVEY)
 Values
   (112, 'Kesinlikle evet', 0, TO_TIMESTAMP('4/22/2017 1:15:49 PM','fmMMfm/fmDDfm/YYYY fmHH12fm:MI:SS AM'), TO_TIMESTAMP('4/22/2017 1:15:49 PM','fmMMfm/fmDDfm/YYYY fmHH12fm:MI:SS AM'),
    '1', 1, 102);
COMMIT;
