SET DEFINE OFF;
--SQL Statement which produced this data:
--
--  SELECT * FROM HOSPITAL.T_ALERGY;
--
Insert into HOSPITAL.T_ALERGY
   (PK, ALERGY_NAME, CREATION_TIME, MODIFIED_TIME, IS_ACTIVE)
 Values
   (3, 'ALERJIK ASTIM', TO_TIMESTAMP('18/3/2017 13:40:12','fmDDfm/fmMMfm/YYYY HH24:MI:SS'), TO_TIMESTAMP('18/3/2017 13:40:12','fmDDfm/fmMMfm/YYYY HH24:MI:SS'), '1');
Insert into HOSPITAL.T_ALERGY
   (PK, ALERGY_NAME, CREATION_TIME, MODIFIED_TIME, IS_ACTIVE)
 Values
   (1, 'DERI ALERJISI', TO_TIMESTAMP('18/3/2017 13:39:50','fmDDfm/fmMMfm/YYYY HH24:MI:SS'), TO_TIMESTAMP('18/3/2017 13:39:50','fmDDfm/fmMMfm/YYYY HH24:MI:SS'), '1');
Insert into HOSPITAL.T_ALERGY
   (PK, ALERGY_NAME, CREATION_TIME, MODIFIED_TIME, IS_ACTIVE)
 Values
   (2, 'ALERJIK RINIT', TO_TIMESTAMP('18/3/2017 13:40:03','fmDDfm/fmMMfm/YYYY HH24:MI:SS'), TO_TIMESTAMP('18/3/2017 13:40:03','fmDDfm/fmMMfm/YYYY HH24:MI:SS'), '1');
Insert into HOSPITAL.T_ALERGY
   (PK, ALERGY_NAME, CREATION_TIME, MODIFIED_TIME, IS_ACTIVE)
 Values
   (4, 'BESIN ALERJISI', TO_TIMESTAMP('18/3/2017 13:40:26','fmDDfm/fmMMfm/YYYY HH24:MI:SS'), TO_TIMESTAMP('18/3/2017 13:40:26','fmDDfm/fmMMfm/YYYY HH24:MI:SS'), '1');
Insert into HOSPITAL.T_ALERGY
   (PK, ALERGY_NAME, CREATION_TIME, MODIFIED_TIME, IS_ACTIVE)
 Values
   (5, 'ATOPIK DERMATIT', TO_TIMESTAMP('18/3/2017 13:40:36','fmDDfm/fmMMfm/YYYY HH24:MI:SS'), TO_TIMESTAMP('18/3/2017 13:40:36','fmDDfm/fmMMfm/YYYY HH24:MI:SS'), '1');
Insert into HOSPITAL.T_ALERGY
   (PK, ALERGY_NAME, CREATION_TIME, MODIFIED_TIME, IS_ACTIVE)
 Values
   (6, 'ARI SOKMASI', TO_TIMESTAMP('18/3/2017 13:40:44','fmDDfm/fmMMfm/YYYY HH24:MI:SS'), TO_TIMESTAMP('18/3/2017 13:40:44','fmDDfm/fmMMfm/YYYY HH24:MI:SS'), '1');
Insert into HOSPITAL.T_ALERGY
   (PK, ALERGY_NAME, CREATION_TIME, MODIFIED_TIME, IS_ACTIVE)
 Values
   (7, 'ANAFILAKSI', TO_TIMESTAMP('18/3/2017 13:40:55','fmDDfm/fmMMfm/YYYY HH24:MI:SS'), TO_TIMESTAMP('18/3/2017 13:40:55','fmDDfm/fmMMfm/YYYY HH24:MI:SS'), '1');
COMMIT;
--SQL Statement which produced this data:
--
--  SELECT * FROM HOSPITAL.T_ASSAY;
--
Insert into HOSPITAL.T_ASSAY
   (PK, ASSAY_NAME, CREATION_TIME, MODIFIED_TIME, IS_ACTIVE)
 Values
   (0, 'RUTIN BIYOKIMYA', TO_TIMESTAMP('18/3/2017 14:01:53','fmDDfm/fmMMfm/YYYY HH24:MI:SS'), TO_TIMESTAMP('18/3/2017 14:01:53','fmDDfm/fmMMfm/YYYY HH24:MI:SS'), '1');
Insert into HOSPITAL.T_ASSAY
   (PK, ASSAY_NAME, CREATION_TIME, MODIFIED_TIME, IS_ACTIVE)
 Values
   (1, 'HORMON', TO_TIMESTAMP('18/3/2017 14:02:02','fmDDfm/fmMMfm/YYYY HH24:MI:SS'), TO_TIMESTAMP('18/3/2017 14:02:02','fmDDfm/fmMMfm/YYYY HH24:MI:SS'), '1');
Insert into HOSPITAL.T_ASSAY
   (PK, ASSAY_NAME, CREATION_TIME, MODIFIED_TIME, IS_ACTIVE)
 Values
   (2, 'HEMOTOLOJI', TO_TIMESTAMP('18/3/2017 14:02:57','fmDDfm/fmMMfm/YYYY HH24:MI:SS'), TO_TIMESTAMP('18/3/2017 14:02:57','fmDDfm/fmMMfm/YYYY HH24:MI:SS'), '1');
Insert into HOSPITAL.T_ASSAY
   (PK, ASSAY_NAME, CREATION_TIME, MODIFIED_TIME, IS_ACTIVE)
 Values
   (3, 'ELISA', TO_TIMESTAMP('18/3/2017 14:03:19','fmDDfm/fmMMfm/YYYY HH24:MI:SS'), TO_TIMESTAMP('18/3/2017 14:03:19','fmDDfm/fmMMfm/YYYY HH24:MI:SS'), '1');
Insert into HOSPITAL.T_ASSAY
   (PK, ASSAY_NAME, CREATION_TIME, MODIFIED_TIME, IS_ACTIVE)
 Values
   (4, 'TAM IDRAR TAHLILI', TO_TIMESTAMP('18/3/2017 14:03:33','fmDDfm/fmMMfm/YYYY HH24:MI:SS'), TO_TIMESTAMP('18/3/2017 14:03:33','fmDDfm/fmMMfm/YYYY HH24:MI:SS'), '1');
Insert into HOSPITAL.T_ASSAY
   (PK, ASSAY_NAME, CREATION_TIME, MODIFIED_TIME, IS_ACTIVE)
 Values
   (5, 'IDRAR KULTURU', TO_TIMESTAMP('18/3/2017 14:03:43','fmDDfm/fmMMfm/YYYY HH24:MI:SS'), TO_TIMESTAMP('18/3/2017 14:03:43','fmDDfm/fmMMfm/YYYY HH24:MI:SS'), '1');
Insert into HOSPITAL.T_ASSAY
   (PK, ASSAY_NAME, CREATION_TIME, MODIFIED_TIME, IS_ACTIVE)
 Values
   (6, 'ULTRASON', TO_TIMESTAMP('18/3/2017 14:03:54','fmDDfm/fmMMfm/YYYY HH24:MI:SS'), TO_TIMESTAMP('18/3/2017 14:03:54','fmDDfm/fmMMfm/YYYY HH24:MI:SS'), '1');
Insert into HOSPITAL.T_ASSAY
   (PK, ASSAY_NAME, CREATION_TIME, MODIFIED_TIME, IS_ACTIVE)
 Values
   (7, 'MR', TO_TIMESTAMP('18/3/2017 14:03:58','fmDDfm/fmMMfm/YYYY HH24:MI:SS'), TO_TIMESTAMP('18/3/2017 14:03:58','fmDDfm/fmMMfm/YYYY HH24:MI:SS'), '1');
Insert into HOSPITAL.T_ASSAY
   (PK, ASSAY_NAME, CREATION_TIME, MODIFIED_TIME, IS_ACTIVE)
 Values
   (8, 'TOMOGRAFI', TO_TIMESTAMP('18/3/2017 14:04:08','fmDDfm/fmMMfm/YYYY HH24:MI:SS'), TO_TIMESTAMP('18/3/2017 14:04:08','fmDDfm/fmMMfm/YYYY HH24:MI:SS'), '1');
Insert into HOSPITAL.T_ASSAY
   (PK, ASSAY_NAME, CREATION_TIME, MODIFIED_TIME, IS_ACTIVE)
 Values
   (9, 'SMEAR TESTI', TO_TIMESTAMP('18/3/2017 14:04:28','fmDDfm/fmMMfm/YYYY HH24:MI:SS'), TO_TIMESTAMP('18/3/2017 14:04:28','fmDDfm/fmMMfm/YYYY HH24:MI:SS'), '1');
Insert into HOSPITAL.T_ASSAY
   (PK, ASSAY_NAME, CREATION_TIME, MODIFIED_TIME, IS_ACTIVE)
 Values
   (10, 'EKO', TO_TIMESTAMP('18/3/2017 14:04:31','fmDDfm/fmMMfm/YYYY HH24:MI:SS'), TO_TIMESTAMP('18/3/2017 14:04:31','fmDDfm/fmMMfm/YYYY HH24:MI:SS'), '1');
Insert into HOSPITAL.T_ASSAY
   (PK, ASSAY_NAME, CREATION_TIME, MODIFIED_TIME, IS_ACTIVE)
 Values
   (11, 'EKG', TO_TIMESTAMP('18/3/2017 14:04:37','fmDDfm/fmMMfm/YYYY HH24:MI:SS'), TO_TIMESTAMP('18/3/2017 14:04:37','fmDDfm/fmMMfm/YYYY HH24:MI:SS'), '1');
COMMIT;
--SQL Statement which produced this data:
--
--  SELECT * FROM HOSPITAL.T_BRANCH;
--
Insert into HOSPITAL.T_BRANCH
   (PK, BRANCH_NAME, CREATION_TIME, MODIFIED_TIME, IS_ACTIVE)
 Values
   (3, 'ACIL TIP', TO_TIMESTAMP('18/3/2017 13:55:58','fmDDfm/fmMMfm/YYYY HH24:MI:SS'), TO_TIMESTAMP('18/3/2017 13:55:58','fmDDfm/fmMMfm/YYYY HH24:MI:SS'), '1');
Insert into HOSPITAL.T_BRANCH
   (PK, BRANCH_NAME, CREATION_TIME, MODIFIED_TIME, IS_ACTIVE)
 Values
   (4, 'AILE HEKIMLIGI', TO_TIMESTAMP('18/3/2017 13:56:05','fmDDfm/fmMMfm/YYYY HH24:MI:SS'), TO_TIMESTAMP('18/3/2017 13:56:05','fmDDfm/fmMMfm/YYYY HH24:MI:SS'), '1');
Insert into HOSPITAL.T_BRANCH
   (PK, BRANCH_NAME, CREATION_TIME, MODIFIED_TIME, IS_ACTIVE)
 Values
   (5, 'ALERJI HASTALIKLARI', TO_TIMESTAMP('18/3/2017 13:56:52','fmDDfm/fmMMfm/YYYY HH24:MI:SS'), TO_TIMESTAMP('18/3/2017 13:56:52','fmDDfm/fmMMfm/YYYY HH24:MI:SS'), '1');
Insert into HOSPITAL.T_BRANCH
   (PK, BRANCH_NAME, CREATION_TIME, MODIFIED_TIME, IS_ACTIVE)
 Values
   (6, 'BEYIN VE SINIR CERRAHISI', TO_TIMESTAMP('18/3/2017 13:56:59','fmDDfm/fmMMfm/YYYY HH24:MI:SS'), TO_TIMESTAMP('18/3/2017 13:56:59','fmDDfm/fmMMfm/YYYY HH24:MI:SS'), '1');
Insert into HOSPITAL.T_BRANCH
   (PK, BRANCH_NAME, CREATION_TIME, MODIFIED_TIME, IS_ACTIVE)
 Values
   (7, 'COCUK GOGUS HASTALIKLARI', TO_TIMESTAMP('18/3/2017 13:57:15','fmDDfm/fmMMfm/YYYY HH24:MI:SS'), TO_TIMESTAMP('18/3/2017 13:57:15','fmDDfm/fmMMfm/YYYY HH24:MI:SS'), '1');
Insert into HOSPITAL.T_BRANCH
   (PK, BRANCH_NAME, CREATION_TIME, MODIFIED_TIME, IS_ACTIVE)
 Values
   (8, 'COCUK PSIKIYATRISI', TO_TIMESTAMP('18/3/2017 13:57:40','fmDDfm/fmMMfm/YYYY HH24:MI:SS'), TO_TIMESTAMP('18/3/2017 13:57:40','fmDDfm/fmMMfm/YYYY HH24:MI:SS'), '1');
Insert into HOSPITAL.T_BRANCH
   (PK, BRANCH_NAME, CREATION_TIME, MODIFIED_TIME, IS_ACTIVE)
 Values
   (9, 'DERMATOLOJI', TO_TIMESTAMP('18/3/2017 13:57:46','fmDDfm/fmMMfm/YYYY HH24:MI:SS'), TO_TIMESTAMP('18/3/2017 13:57:46','fmDDfm/fmMMfm/YYYY HH24:MI:SS'), '1');
Insert into HOSPITAL.T_BRANCH
   (PK, BRANCH_NAME, CREATION_TIME, MODIFIED_TIME, IS_ACTIVE)
 Values
   (10, 'FIZYOLOJI', TO_TIMESTAMP('18/3/2017 13:57:54','fmDDfm/fmMMfm/YYYY HH24:MI:SS'), TO_TIMESTAMP('18/3/2017 13:57:54','fmDDfm/fmMMfm/YYYY HH24:MI:SS'), '1');
Insert into HOSPITAL.T_BRANCH
   (PK, BRANCH_NAME, CREATION_TIME, MODIFIED_TIME, IS_ACTIVE)
 Values
   (11, 'GENEL CERRAHI', TO_TIMESTAMP('18/3/2017 13:58:04','fmDDfm/fmMMfm/YYYY HH24:MI:SS'), TO_TIMESTAMP('18/3/2017 13:58:04','fmDDfm/fmMMfm/YYYY HH24:MI:SS'), '1');
Insert into HOSPITAL.T_BRANCH
   (PK, BRANCH_NAME, CREATION_TIME, MODIFIED_TIME, IS_ACTIVE)
 Values
   (12, 'GOZ HASTALIKLARI', TO_TIMESTAMP('18/3/2017 13:58:24','fmDDfm/fmMMfm/YYYY HH24:MI:SS'), TO_TIMESTAMP('18/3/2017 13:58:24','fmDDfm/fmMMfm/YYYY HH24:MI:SS'), '1');
Insert into HOSPITAL.T_BRANCH
   (PK, BRANCH_NAME, CREATION_TIME, MODIFIED_TIME, IS_ACTIVE)
 Values
   (13, 'IC HASTALIKLARI', TO_TIMESTAMP('18/3/2017 13:58:33','fmDDfm/fmMMfm/YYYY HH24:MI:SS'), TO_TIMESTAMP('18/3/2017 13:58:33','fmDDfm/fmMMfm/YYYY HH24:MI:SS'), '1');
Insert into HOSPITAL.T_BRANCH
   (PK, BRANCH_NAME, CREATION_TIME, MODIFIED_TIME, IS_ACTIVE)
 Values
   (14, 'KALP VE DAMAR CERRAHISI', TO_TIMESTAMP('18/3/2017 13:58:44','fmDDfm/fmMMfm/YYYY HH24:MI:SS'), TO_TIMESTAMP('18/3/2017 13:58:44','fmDDfm/fmMMfm/YYYY HH24:MI:SS'), '1');
Insert into HOSPITAL.T_BRANCH
   (PK, BRANCH_NAME, CREATION_TIME, MODIFIED_TIME, IS_ACTIVE)
 Values
   (15, 'NOROLOJI', TO_TIMESTAMP('18/3/2017 13:58:56','fmDDfm/fmMMfm/YYYY HH24:MI:SS'), TO_TIMESTAMP('18/3/2017 13:58:56','fmDDfm/fmMMfm/YYYY HH24:MI:SS'), '1');
Insert into HOSPITAL.T_BRANCH
   (PK, BRANCH_NAME, CREATION_TIME, MODIFIED_TIME, IS_ACTIVE)
 Values
   (16, 'ORTAPEDI VE TRAVMATOLOJI', TO_TIMESTAMP('18/3/2017 13:59:18','fmDDfm/fmMMfm/YYYY HH24:MI:SS'), TO_TIMESTAMP('18/3/2017 13:59:18','fmDDfm/fmMMfm/YYYY HH24:MI:SS'), '1');
Insert into HOSPITAL.T_BRANCH
   (PK, BRANCH_NAME, CREATION_TIME, MODIFIED_TIME, IS_ACTIVE)
 Values
   (17, 'PSIKATRI', TO_TIMESTAMP('18/3/2017 13:59:36','fmDDfm/fmMMfm/YYYY HH24:MI:SS'), TO_TIMESTAMP('18/3/2017 13:59:36','fmDDfm/fmMMfm/YYYY HH24:MI:SS'), '1');
Insert into HOSPITAL.T_BRANCH
   (PK, BRANCH_NAME, CREATION_TIME, MODIFIED_TIME, IS_ACTIVE)
 Values
   (18, 'UROLOJI', TO_TIMESTAMP('18/3/2017 13:59:49','fmDDfm/fmMMfm/YYYY HH24:MI:SS'), TO_TIMESTAMP('18/3/2017 13:59:49','fmDDfm/fmMMfm/YYYY HH24:MI:SS'), '1');
COMMIT;
--SQL Statement which produced this data:
--
--  SELECT * FROM HOSPITAL.T_CITY;
--
Insert into HOSPITAL.T_CITY
   (PK, CITY_NAME, CREATION_TIME, MODIFIED_TIME, IS_ACTIVE)
 Values
   (1, 'ISTANBUL', TO_TIMESTAMP('18/3/2017 13:23:52','fmDDfm/fmMMfm/YYYY HH24:MI:SS'), TO_TIMESTAMP('18/3/2017 13:23:52','fmDDfm/fmMMfm/YYYY HH24:MI:SS'), '1');
Insert into HOSPITAL.T_CITY
   (PK, CITY_NAME, CREATION_TIME, MODIFIED_TIME, IS_ACTIVE)
 Values
   (2, 'ANKARA', TO_TIMESTAMP('18/3/2017 13:23:57','fmDDfm/fmMMfm/YYYY HH24:MI:SS'), TO_TIMESTAMP('18/3/2017 13:23:57','fmDDfm/fmMMfm/YYYY HH24:MI:SS'), '1');
Insert into HOSPITAL.T_CITY
   (PK, CITY_NAME, CREATION_TIME, MODIFIED_TIME, IS_ACTIVE)
 Values
   (3, 'IZMIR', TO_TIMESTAMP('18/3/2017 13:24:00','fmDDfm/fmMMfm/YYYY HH24:MI:SS'), TO_TIMESTAMP('18/3/2017 13:24:00','fmDDfm/fmMMfm/YYYY HH24:MI:SS'), '1');
COMMIT;
--SQL Statement which produced this data:
--
--  SELECT * FROM HOSPITAL.T_DISEASE;
--
Insert into HOSPITAL.T_DISEASE
   (PK, DISEASE_NAME, CREATION_TIME, MODIFIED_TIME, IS_ACTIVE)
 Values
   (0, 'BRONSIT', TO_TIMESTAMP('18/3/2017 13:43:18','fmDDfm/fmMMfm/YYYY HH24:MI:SS'), TO_TIMESTAMP('18/3/2017 13:43:18','fmDDfm/fmMMfm/YYYY HH24:MI:SS'), '1');
Insert into HOSPITAL.T_DISEASE
   (PK, DISEASE_NAME, CREATION_TIME, MODIFIED_TIME, IS_ACTIVE)
 Values
   (1, 'CARPINTI', TO_TIMESTAMP('18/3/2017 13:43:29','fmDDfm/fmMMfm/YYYY HH24:MI:SS'), TO_TIMESTAMP('18/3/2017 13:43:29','fmDDfm/fmMMfm/YYYY HH24:MI:SS'), '1');
Insert into HOSPITAL.T_DISEASE
   (PK, DISEASE_NAME, CREATION_TIME, MODIFIED_TIME, IS_ACTIVE)
 Values
   (2, 'DAMAR SERTLIGI', TO_TIMESTAMP('18/3/2017 13:43:43','fmDDfm/fmMMfm/YYYY HH24:MI:SS'), TO_TIMESTAMP('18/3/2017 13:43:43','fmDDfm/fmMMfm/YYYY HH24:MI:SS'), '1');
Insert into HOSPITAL.T_DISEASE
   (PK, DISEASE_NAME, CREATION_TIME, MODIFIED_TIME, IS_ACTIVE)
 Values
   (3, 'DERI KANSERI', TO_TIMESTAMP('18/3/2017 13:43:53','fmDDfm/fmMMfm/YYYY HH24:MI:SS'), TO_TIMESTAMP('18/3/2017 13:43:53','fmDDfm/fmMMfm/YYYY HH24:MI:SS'), '1');
Insert into HOSPITAL.T_DISEASE
   (PK, DISEASE_NAME, CREATION_TIME, MODIFIED_TIME, IS_ACTIVE)
 Values
   (4, 'DIZANTERI', TO_TIMESTAMP('18/3/2017 13:44:02','fmDDfm/fmMMfm/YYYY HH24:MI:SS'), TO_TIMESTAMP('18/3/2017 13:44:02','fmDDfm/fmMMfm/YYYY HH24:MI:SS'), '1');
Insert into HOSPITAL.T_DISEASE
   (PK, DISEASE_NAME, CREATION_TIME, MODIFIED_TIME, IS_ACTIVE)
 Values
   (5, 'ASTIGMATLIK', TO_TIMESTAMP('18/3/2017 13:44:46','fmDDfm/fmMMfm/YYYY HH24:MI:SS'), TO_TIMESTAMP('18/3/2017 13:44:46','fmDDfm/fmMMfm/YYYY HH24:MI:SS'), '1');
Insert into HOSPITAL.T_DISEASE
   (PK, DISEASE_NAME, CREATION_TIME, MODIFIED_TIME, IS_ACTIVE)
 Values
   (6, 'BOGMACA', TO_TIMESTAMP('18/3/2017 13:44:49','fmDDfm/fmMMfm/YYYY HH24:MI:SS'), TO_TIMESTAMP('18/3/2017 13:44:49','fmDDfm/fmMMfm/YYYY HH24:MI:SS'), '1');
Insert into HOSPITAL.T_DISEASE
   (PK, DISEASE_NAME, CREATION_TIME, MODIFIED_TIME, IS_ACTIVE)
 Values
   (7, 'BOBREK TASI', TO_TIMESTAMP('18/3/2017 13:45:01','fmDDfm/fmMMfm/YYYY HH24:MI:SS'), TO_TIMESTAMP('18/3/2017 13:45:01','fmDDfm/fmMMfm/YYYY HH24:MI:SS'), '1');
Insert into HOSPITAL.T_DISEASE
   (PK, DISEASE_NAME, CREATION_TIME, MODIFIED_TIME, IS_ACTIVE)
 Values
   (8, 'FITIK', TO_TIMESTAMP('18/3/2017 13:46:00','fmDDfm/fmMMfm/YYYY HH24:MI:SS'), TO_TIMESTAMP('18/3/2017 13:46:00','fmDDfm/fmMMfm/YYYY HH24:MI:SS'), '1');
Insert into HOSPITAL.T_DISEASE
   (PK, DISEASE_NAME, CREATION_TIME, MODIFIED_TIME, IS_ACTIVE)
 Values
   (9, 'GECE KORLUGU', TO_TIMESTAMP('18/3/2017 13:46:15','fmDDfm/fmMMfm/YYYY HH24:MI:SS'), TO_TIMESTAMP('18/3/2017 13:46:15','fmDDfm/fmMMfm/YYYY HH24:MI:SS'), '1');
Insert into HOSPITAL.T_DISEASE
   (PK, DISEASE_NAME, CREATION_TIME, MODIFIED_TIME, IS_ACTIVE)
 Values
   (10, 'GRIP', TO_TIMESTAMP('18/3/2017 13:46:29','fmDDfm/fmMMfm/YYYY HH24:MI:SS'), TO_TIMESTAMP('18/3/2017 13:46:29','fmDDfm/fmMMfm/YYYY HH24:MI:SS'), '1');
Insert into HOSPITAL.T_DISEASE
   (PK, DISEASE_NAME, CREATION_TIME, MODIFIED_TIME, IS_ACTIVE)
 Values
   (11, 'HEMOFILI', TO_TIMESTAMP('18/3/2017 13:46:54','fmDDfm/fmMMfm/YYYY HH24:MI:SS'), TO_TIMESTAMP('18/3/2017 13:46:54','fmDDfm/fmMMfm/YYYY HH24:MI:SS'), '1');
Insert into HOSPITAL.T_DISEASE
   (PK, DISEASE_NAME, CREATION_TIME, MODIFIED_TIME, IS_ACTIVE)
 Values
   (12, 'ISHAL', TO_TIMESTAMP('18/3/2017 13:47:02','fmDDfm/fmMMfm/YYYY HH24:MI:SS'), TO_TIMESTAMP('18/3/2017 13:47:02','fmDDfm/fmMMfm/YYYY HH24:MI:SS'), '1');
Insert into HOSPITAL.T_DISEASE
   (PK, DISEASE_NAME, CREATION_TIME, MODIFIED_TIME, IS_ACTIVE)
 Values
   (13, 'KANSER', TO_TIMESTAMP('18/3/2017 13:47:32','fmDDfm/fmMMfm/YYYY HH24:MI:SS'), TO_TIMESTAMP('18/3/2017 13:47:32','fmDDfm/fmMMfm/YYYY HH24:MI:SS'), '1');
Insert into HOSPITAL.T_DISEASE
   (PK, DISEASE_NAME, CREATION_TIME, MODIFIED_TIME, IS_ACTIVE)
 Values
   (14, 'KISIRLIK', TO_TIMESTAMP('18/3/2017 13:47:36','fmDDfm/fmMMfm/YYYY HH24:MI:SS'), TO_TIMESTAMP('18/3/2017 13:47:36','fmDDfm/fmMMfm/YYYY HH24:MI:SS'), '1');
Insert into HOSPITAL.T_DISEASE
   (PK, DISEASE_NAME, CREATION_TIME, MODIFIED_TIME, IS_ACTIVE)
 Values
   (15, 'KUDUZ', TO_TIMESTAMP('18/3/2017 13:47:41','fmDDfm/fmMMfm/YYYY HH24:MI:SS'), TO_TIMESTAMP('18/3/2017 13:47:41','fmDDfm/fmMMfm/YYYY HH24:MI:SS'), '1');
Insert into HOSPITAL.T_DISEASE
   (PK, DISEASE_NAME, CREATION_TIME, MODIFIED_TIME, IS_ACTIVE)
 Values
   (16, 'KULAK ILTIHABI', TO_TIMESTAMP('18/3/2017 13:47:56','fmDDfm/fmMMfm/YYYY HH24:MI:SS'), TO_TIMESTAMP('18/3/2017 13:47:56','fmDDfm/fmMMfm/YYYY HH24:MI:SS'), '1');
Insert into HOSPITAL.T_DISEASE
   (PK, DISEASE_NAME, CREATION_TIME, MODIFIED_TIME, IS_ACTIVE)
 Values
   (17, 'MIGREN', TO_TIMESTAMP('18/3/2017 13:48:08','fmDDfm/fmMMfm/YYYY HH24:MI:SS'), TO_TIMESTAMP('18/3/2017 13:48:08','fmDDfm/fmMMfm/YYYY HH24:MI:SS'), '1');
Insert into HOSPITAL.T_DISEASE
   (PK, DISEASE_NAME, CREATION_TIME, MODIFIED_TIME, IS_ACTIVE)
 Values
   (18, 'NASIR', TO_TIMESTAMP('18/3/2017 13:48:48','fmDDfm/fmMMfm/YYYY HH24:MI:SS'), TO_TIMESTAMP('18/3/2017 13:48:48','fmDDfm/fmMMfm/YYYY HH24:MI:SS'), '1');
Insert into HOSPITAL.T_DISEASE
   (PK, DISEASE_NAME, CREATION_TIME, MODIFIED_TIME, IS_ACTIVE)
 Values
   (19, 'ODEM', TO_TIMESTAMP('18/3/2017 13:48:54','fmDDfm/fmMMfm/YYYY HH24:MI:SS'), TO_TIMESTAMP('18/3/2017 13:48:54','fmDDfm/fmMMfm/YYYY HH24:MI:SS'), '1');
Insert into HOSPITAL.T_DISEASE
   (PK, DISEASE_NAME, CREATION_TIME, MODIFIED_TIME, IS_ACTIVE)
 Values
   (20, 'ROMATIZMA', TO_TIMESTAMP('18/3/2017 13:49:05','fmDDfm/fmMMfm/YYYY HH24:MI:SS'), TO_TIMESTAMP('18/3/2017 13:49:05','fmDDfm/fmMMfm/YYYY HH24:MI:SS'), '1');
Insert into HOSPITAL.T_DISEASE
   (PK, DISEASE_NAME, CREATION_TIME, MODIFIED_TIME, IS_ACTIVE)
 Values
   (21, 'SACKIRAN', TO_TIMESTAMP('18/3/2017 13:49:15','fmDDfm/fmMMfm/YYYY HH24:MI:SS'), TO_TIMESTAMP('18/3/2017 13:49:15','fmDDfm/fmMMfm/YYYY HH24:MI:SS'), '1');
Insert into HOSPITAL.T_DISEASE
   (PK, DISEASE_NAME, CREATION_TIME, MODIFIED_TIME, IS_ACTIVE)
 Values
   (22, 'SITMA', TO_TIMESTAMP('18/3/2017 13:49:19','fmDDfm/fmMMfm/YYYY HH24:MI:SS'), TO_TIMESTAMP('18/3/2017 13:49:19','fmDDfm/fmMMfm/YYYY HH24:MI:SS'), '1');
Insert into HOSPITAL.T_DISEASE
   (PK, DISEASE_NAME, CREATION_TIME, MODIFIED_TIME, IS_ACTIVE)
 Values
   (23, 'SINUZIT', TO_TIMESTAMP('18/3/2017 13:49:27','fmDDfm/fmMMfm/YYYY HH24:MI:SS'), TO_TIMESTAMP('18/3/2017 13:49:27','fmDDfm/fmMMfm/YYYY HH24:MI:SS'), '1');
Insert into HOSPITAL.T_DISEASE
   (PK, DISEASE_NAME, CREATION_TIME, MODIFIED_TIME, IS_ACTIVE)
 Values
   (24, 'TIFO', TO_TIMESTAMP('18/3/2017 13:49:42','fmDDfm/fmMMfm/YYYY HH24:MI:SS'), TO_TIMESTAMP('18/3/2017 13:49:42','fmDDfm/fmMMfm/YYYY HH24:MI:SS'), '1');
Insert into HOSPITAL.T_DISEASE
   (PK, DISEASE_NAME, CREATION_TIME, MODIFIED_TIME, IS_ACTIVE)
 Values
   (25, 'VEREM', TO_TIMESTAMP('18/3/2017 13:49:56','fmDDfm/fmMMfm/YYYY HH24:MI:SS'), TO_TIMESTAMP('18/3/2017 13:49:56','fmDDfm/fmMMfm/YYYY HH24:MI:SS'), '1');
Insert into HOSPITAL.T_DISEASE
   (PK, DISEASE_NAME, CREATION_TIME, MODIFIED_TIME, IS_ACTIVE)
 Values
   (26, 'ZATURREE', TO_TIMESTAMP('18/3/2017 13:50:30','fmDDfm/fmMMfm/YYYY HH24:MI:SS'), TO_TIMESTAMP('18/3/2017 13:50:30','fmDDfm/fmMMfm/YYYY HH24:MI:SS'), '1');
COMMIT;
--SQL Statement which produced this data:
--
--  SELECT * FROM HOSPITAL.T_DISTRICT;
--
Insert into HOSPITAL.T_DISTRICT
   (PK, DISTRICT_NAME, CREATION_TIME, MODIFIED_TIME, FK_CITY, 
    IS_ACTIVE)
 Values
   (0, 'SISLI', TO_TIMESTAMP('18/3/2017 13:24:30','fmDDfm/fmMMfm/YYYY HH24:MI:SS'), TO_TIMESTAMP('18/3/2017 13:24:30','fmDDfm/fmMMfm/YYYY HH24:MI:SS'), 1, 
    '1');
Insert into HOSPITAL.T_DISTRICT
   (PK, DISTRICT_NAME, CREATION_TIME, MODIFIED_TIME, FK_CITY, 
    IS_ACTIVE)
 Values
   (1, 'BAKIRKOY', TO_TIMESTAMP('18/3/2017 13:24:35','fmDDfm/fmMMfm/YYYY HH24:MI:SS'), TO_TIMESTAMP('18/3/2017 13:24:35','fmDDfm/fmMMfm/YYYY HH24:MI:SS'), 1, 
    '1');
Insert into HOSPITAL.T_DISTRICT
   (PK, DISTRICT_NAME, CREATION_TIME, MODIFIED_TIME, FK_CITY, 
    IS_ACTIVE)
 Values
   (2, 'AVCILAR', TO_TIMESTAMP('18/3/2017 13:24:46','fmDDfm/fmMMfm/YYYY HH24:MI:SS'), TO_TIMESTAMP('18/3/2017 13:24:46','fmDDfm/fmMMfm/YYYY HH24:MI:SS'), 1, 
    '1');
Insert into HOSPITAL.T_DISTRICT
   (PK, DISTRICT_NAME, CREATION_TIME, MODIFIED_TIME, FK_CITY, 
    IS_ACTIVE)
 Values
   (3, 'BORNOVA', TO_TIMESTAMP('18/3/2017 13:26:40','fmDDfm/fmMMfm/YYYY HH24:MI:SS'), TO_TIMESTAMP('18/3/2017 13:26:40','fmDDfm/fmMMfm/YYYY HH24:MI:SS'), 3, 
    '1');
Insert into HOSPITAL.T_DISTRICT
   (PK, DISTRICT_NAME, CREATION_TIME, MODIFIED_TIME, FK_CITY, 
    IS_ACTIVE)
 Values
   (4, 'BUCA', TO_TIMESTAMP('18/3/2017 13:26:56','fmDDfm/fmMMfm/YYYY HH24:MI:SS'), TO_TIMESTAMP('18/3/2017 13:26:56','fmDDfm/fmMMfm/YYYY HH24:MI:SS'), 3, 
    '1');
Insert into HOSPITAL.T_DISTRICT
   (PK, DISTRICT_NAME, CREATION_TIME, MODIFIED_TIME, FK_CITY, 
    IS_ACTIVE)
 Values
   (5, 'URLA', TO_TIMESTAMP('18/3/2017 13:27:18','fmDDfm/fmMMfm/YYYY HH24:MI:SS'), TO_TIMESTAMP('18/3/2017 13:27:18','fmDDfm/fmMMfm/YYYY HH24:MI:SS'), 3, 
    '1');
Insert into HOSPITAL.T_DISTRICT
   (PK, DISTRICT_NAME, CREATION_TIME, MODIFIED_TIME, FK_CITY, 
    IS_ACTIVE)
 Values
   (6, 'CANKAYA', TO_TIMESTAMP('18/3/2017 13:28:16','fmDDfm/fmMMfm/YYYY HH24:MI:SS'), TO_TIMESTAMP('18/3/2017 13:28:16','fmDDfm/fmMMfm/YYYY HH24:MI:SS'), 2, 
    '1');
Insert into HOSPITAL.T_DISTRICT
   (PK, DISTRICT_NAME, CREATION_TIME, MODIFIED_TIME, FK_CITY, 
    IS_ACTIVE)
 Values
   (7, 'ETIMESGUT', TO_TIMESTAMP('18/3/2017 13:28:29','fmDDfm/fmMMfm/YYYY HH24:MI:SS'), TO_TIMESTAMP('18/3/2017 13:28:29','fmDDfm/fmMMfm/YYYY HH24:MI:SS'), 2, 
    '1');
Insert into HOSPITAL.T_DISTRICT
   (PK, DISTRICT_NAME, CREATION_TIME, MODIFIED_TIME, FK_CITY, 
    IS_ACTIVE)
 Values
   (8, 'POLATLI', TO_TIMESTAMP('18/3/2017 13:28:50','fmDDfm/fmMMfm/YYYY HH24:MI:SS'), TO_TIMESTAMP('18/3/2017 13:28:50','fmDDfm/fmMMfm/YYYY HH24:MI:SS'), 2, 
    '1');
COMMIT;
--SQL Statement which produced this data:
--
--  SELECT * FROM HOSPITAL.T_HOSPITAL;
--
Insert into HOSPITAL.T_HOSPITAL
   (PK, HOSPITAL_NAME, CREATION_TIME, MODIFIED_TIME, HOSPITAL_TYPE, 
    FK_DISTRICT, IS_ACTIVE)
 Values
   (8, 'SISLI ETFAL EGITIM VE ARASTIRMA HASTANESI', TO_TIMESTAMP('18/3/2017 13:29:19','fmDDfm/fmMMfm/YYYY HH24:MI:SS'), TO_TIMESTAMP('18/3/2017 13:29:19','fmDDfm/fmMMfm/YYYY HH24:MI:SS'), 'PUBLIC_HOSPITAL', 
    0, '1');
Insert into HOSPITAL.T_HOSPITAL
   (PK, HOSPITAL_NAME, CREATION_TIME, MODIFIED_TIME, HOSPITAL_TYPE, 
    FK_DISTRICT, IS_ACTIVE)
 Values
   (9, 'BAKIRKOY DEVLET HASTANESI', TO_TIMESTAMP('18/3/2017 13:30:33','fmDDfm/fmMMfm/YYYY HH24:MI:SS'), TO_TIMESTAMP('18/3/2017 13:30:33','fmDDfm/fmMMfm/YYYY HH24:MI:SS'), 'PUBLIC_HOSPITAL', 
    1, '1');
Insert into HOSPITAL.T_HOSPITAL
   (PK, HOSPITAL_NAME, CREATION_TIME, MODIFIED_TIME, HOSPITAL_TYPE, 
    IS_ACTIVE)
 Values
   (10, 'AVCILAR DEVLET HASTANESI', TO_TIMESTAMP('18/3/2017 14:05:47','fmDDfm/fmMMfm/YYYY HH24:MI:SS'), TO_TIMESTAMP('18/3/2017 14:05:47','fmDDfm/fmMMfm/YYYY HH24:MI:SS'), 'PUBLIC_HOSPITAL', 
    '1');
COMMIT;
--SQL Statement which produced this data:
--
--  SELECT * FROM HOSPITAL.T_INSPECTION_PLACE;
--
Insert into HOSPITAL.T_INSPECTION_PLACE
   (PK, PLACE_NAME, CREATION_TIME, MODIFIED_TIME, IS_ACTIVE)
 Values
   (0, 'MUAYENE ODASI - 1', TO_TIMESTAMP('18/3/2017 13:51:41','fmDDfm/fmMMfm/YYYY HH24:MI:SS'), TO_TIMESTAMP('18/3/2017 13:51:41','fmDDfm/fmMMfm/YYYY HH24:MI:SS'), '1');
Insert into HOSPITAL.T_INSPECTION_PLACE
   (PK, PLACE_NAME, CREATION_TIME, MODIFIED_TIME, IS_ACTIVE, FK_HOSPITAL_POLICLINIC_REL)
 Values
   (1, 'MUAYENE ODASI - 7', TO_TIMESTAMP('18/3/2017 13:51:49','fmDDfm/fmMMfm/YYYY HH24:MI:SS'), TO_TIMESTAMP('18/3/2017 13:51:49','fmDDfm/fmMMfm/YYYY HH24:MI:SS'), '1', 100);
Insert into HOSPITAL.T_INSPECTION_PLACE
   (PK, PLACE_NAME, CREATION_TIME, MODIFIED_TIME, IS_ACTIVE, FK_HOSPITAL_POLICLINIC_REL)
 Values
   (2, 'MUAYENE ODASI - 2', TO_TIMESTAMP('18/3/2017 13:52:11','fmDDfm/fmMMfm/YYYY HH24:MI:SS'), TO_TIMESTAMP('18/3/2017 13:52:11','fmDDfm/fmMMfm/YYYY HH24:MI:SS'), '1', 100);
Insert into HOSPITAL.T_INSPECTION_PLACE
   (PK, PLACE_NAME, CREATION_TIME, MODIFIED_TIME, IS_ACTIVE, FK_HOSPITAL_POLICLINIC_REL)
 Values
   (3, 'MUAYENE ODASI - 3', TO_TIMESTAMP('18/3/2017 13:52:17','fmDDfm/fmMMfm/YYYY HH24:MI:SS'), TO_TIMESTAMP('18/3/2017 13:52:17','fmDDfm/fmMMfm/YYYY HH24:MI:SS'), '1', 100);
Insert into HOSPITAL.T_INSPECTION_PLACE
   (PK, PLACE_NAME, CREATION_TIME, MODIFIED_TIME, IS_ACTIVE, FK_HOSPITAL_POLICLINIC_REL)
 Values
   (4, 'MUAYENE ODASI - 4', TO_TIMESTAMP('18/3/2017 13:52:22','fmDDfm/fmMMfm/YYYY HH24:MI:SS'), TO_TIMESTAMP('18/3/2017 13:52:22','fmDDfm/fmMMfm/YYYY HH24:MI:SS'), '1', 100);
Insert into HOSPITAL.T_INSPECTION_PLACE
   (PK, PLACE_NAME, CREATION_TIME, MODIFIED_TIME, IS_ACTIVE, FK_HOSPITAL_POLICLINIC_REL)
 Values
   (5, 'MUAYENE ODASI - 5', TO_TIMESTAMP('18/3/2017 13:52:31','fmDDfm/fmMMfm/YYYY HH24:MI:SS'), TO_TIMESTAMP('18/3/2017 13:52:31','fmDDfm/fmMMfm/YYYY HH24:MI:SS'), '1', 100);
Insert into HOSPITAL.T_INSPECTION_PLACE
   (PK, PLACE_NAME, CREATION_TIME, MODIFIED_TIME, IS_ACTIVE, FK_HOSPITAL_POLICLINIC_REL)
 Values
   (6, 'MUAYENE ODASI - 6', TO_TIMESTAMP('18/3/2017 13:53:35','fmDDfm/fmMMfm/YYYY HH24:MI:SS'), TO_TIMESTAMP('18/3/2017 13:53:35','fmDDfm/fmMMfm/YYYY HH24:MI:SS'), '1', 100);
COMMIT;
--SQL Statement which produced this data:
--
--  SELECT * FROM HOSPITAL.T_POLICLINIC;
--
Insert into HOSPITAL.T_POLICLINIC
   (PK, POLICLINIC_NAME, CREATION_TIME, MODIFIED_TIME, IS_ACTIVE)
 Values
   (0, 'GOZ HASTALIKLARI', TO_TIMESTAMP('18/3/2017 13:32:16','fmDDfm/fmMMfm/YYYY HH24:MI:SS'), TO_TIMESTAMP('18/3/2017 13:32:16','fmDDfm/fmMMfm/YYYY HH24:MI:SS'), '1');
Insert into HOSPITAL.T_POLICLINIC
   (PK, POLICLINIC_NAME, CREATION_TIME, MODIFIED_TIME, IS_ACTIVE)
 Values
   (1, 'UROLOJI', TO_TIMESTAMP('18/3/2017 13:32:29','fmDDfm/fmMMfm/YYYY HH24:MI:SS'), TO_TIMESTAMP('18/3/2017 13:32:29','fmDDfm/fmMMfm/YYYY HH24:MI:SS'), '1');
Insert into HOSPITAL.T_POLICLINIC
   (PK, POLICLINIC_NAME, CREATION_TIME, MODIFIED_TIME, IS_ACTIVE)
 Values
   (2, 'KULAK BURUN BOGAZ', TO_TIMESTAMP('18/3/2017 13:32:43','fmDDfm/fmMMfm/YYYY HH24:MI:SS'), TO_TIMESTAMP('18/3/2017 13:32:43','fmDDfm/fmMMfm/YYYY HH24:MI:SS'), '1');
Insert into HOSPITAL.T_POLICLINIC
   (PK, POLICLINIC_NAME, CREATION_TIME, MODIFIED_TIME, IS_ACTIVE)
 Values
   (3, 'KARDIYOLOJI', TO_TIMESTAMP('18/3/2017 13:32:58','fmDDfm/fmMMfm/YYYY HH24:MI:SS'), TO_TIMESTAMP('18/3/2017 13:32:58','fmDDfm/fmMMfm/YYYY HH24:MI:SS'), '1');
Insert into HOSPITAL.T_POLICLINIC
   (PK, POLICLINIC_NAME, CREATION_TIME, MODIFIED_TIME, IS_ACTIVE)
 Values
   (4, 'DIS HEKIMLIGI', TO_TIMESTAMP('18/3/2017 13:33:16','fmDDfm/fmMMfm/YYYY HH24:MI:SS'), TO_TIMESTAMP('18/3/2017 13:33:16','fmDDfm/fmMMfm/YYYY HH24:MI:SS'), '1');
Insert into HOSPITAL.T_POLICLINIC
   (PK, POLICLINIC_NAME, CREATION_TIME, MODIFIED_TIME, IS_ACTIVE)
 Values
   (5, 'KADIN HASTALIKLARI VE DOGUM', TO_TIMESTAMP('18/3/2017 13:33:52','fmDDfm/fmMMfm/YYYY HH24:MI:SS'), TO_TIMESTAMP('18/3/2017 13:33:52','fmDDfm/fmMMfm/YYYY HH24:MI:SS'), '1');
COMMIT;
Insert into HOSPITAL.T_POLICLINIC
(PK, POLICLINIC_NAME, CREATION_TIME, MODIFIED_TIME, IS_ACTIVE)
Values
  (6, 'FIZIK TEDAVI', TO_TIMESTAMP('18/3/2017 13:33:52','fmDDfm/fmMMfm/YYYY HH24:MI:SS'), TO_TIMESTAMP('18/3/2017 13:33:52','fmDDfm/fmMMfm/YYYY HH24:MI:SS'), '1');
COMMIT;

--SQL Statement which produced this data:
--
--  SELECT * FROM HOSPITAL.T_HOSPITAL_POLICLINIC_REL;
--
Insert into HOSPITAL.T_HOSPITAL_POLICLINIC_REL
(PK, FK_HOSPITAL, FK_POLICLINIC, CREATION_TIME, MODIFIED_TIME,
 IS_ACTIVE)
Values
  (100, 8, 0, TO_TIMESTAMP('23/3/2017 09:53:03','fmDDfm/fmMMfm/YYYY HH24:MI:SS'), TO_TIMESTAMP('23/3/2017 09:53:03','fmDDfm/fmMMfm/YYYY HH24:MI:SS'),
   '1');
Insert into HOSPITAL.T_HOSPITAL_POLICLINIC_REL
(PK, FK_HOSPITAL, FK_POLICLINIC, CREATION_TIME, MODIFIED_TIME,
 IS_ACTIVE)
Values
  (101, 8, 1, TO_TIMESTAMP('23/3/2017 09:53:09','fmDDfm/fmMMfm/YYYY HH24:MI:SS'), TO_TIMESTAMP('23/3/2017 09:53:09','fmDDfm/fmMMfm/YYYY HH24:MI:SS'),
   '1');
Insert into HOSPITAL.T_HOSPITAL_POLICLINIC_REL
(PK, FK_HOSPITAL, FK_POLICLINIC, CREATION_TIME, MODIFIED_TIME,
 IS_ACTIVE)
Values
  (102, 8, 2, TO_TIMESTAMP('23/3/2017 09:53:10','fmDDfm/fmMMfm/YYYY HH24:MI:SS'), TO_TIMESTAMP('23/3/2017 09:53:10','fmDDfm/fmMMfm/YYYY HH24:MI:SS'),
   '1');
Insert into HOSPITAL.T_HOSPITAL_POLICLINIC_REL
(PK, FK_HOSPITAL, FK_POLICLINIC, CREATION_TIME, MODIFIED_TIME,
 IS_ACTIVE)
Values
  (103, 8, 3, TO_TIMESTAMP('23/3/2017 09:53:11','fmDDfm/fmMMfm/YYYY HH24:MI:SS'), TO_TIMESTAMP('23/3/2017 09:53:11','fmDDfm/fmMMfm/YYYY HH24:MI:SS'),
   '1');
Insert into HOSPITAL.T_HOSPITAL_POLICLINIC_REL
(PK, FK_HOSPITAL, FK_POLICLINIC, CREATION_TIME, MODIFIED_TIME,
 IS_ACTIVE)
Values
  (104, 8, 5, TO_TIMESTAMP('23/3/2017 09:53:12','fmDDfm/fmMMfm/YYYY HH24:MI:SS'), TO_TIMESTAMP('23/3/2017 09:53:12','fmDDfm/fmMMfm/YYYY HH24:MI:SS'),
   '1');
Insert into HOSPITAL.T_HOSPITAL_POLICLINIC_REL
(PK, FK_HOSPITAL, FK_POLICLINIC, CREATION_TIME, MODIFIED_TIME,
 IS_ACTIVE)
Values
  (105, 8, 4, TO_TIMESTAMP('23/3/2017 09:53:15','fmDDfm/fmMMfm/YYYY HH24:MI:SS'), TO_TIMESTAMP('23/3/2017 09:53:15','fmDDfm/fmMMfm/YYYY HH24:MI:SS'),
   '1');
COMMIT;

--SQL Statement which produced this data:
--
--  SELECT * FROM HOSPITAL.T_APPOINTMENT;
--
Insert into HOSPITAL.T_APPOINTMENT
   (PK, APPOINTMENT_DATE, APPOINTMENT_STATUS, CREATION_TIME, MODIFIED_TIME, 
    IS_ACTIVE, FK_INSPECTION_PLACE, MESSAGE_TO_DOCTOR)
 Values
   (105, TO_TIMESTAMP('1/6/2017 11:00:00','fmDDfm/fmMMfm/YYYY HH24:MI:SS'), 'NOT_RESERVED', TO_TIMESTAMP('12/4/2017 11:20:56','fmDDfm/fmMMfm/YYYY HH24:MI:SS'), TO_TIMESTAMP('12/4/2017 11:20:56','fmDDfm/fmMMfm/YYYY HH24:MI:SS'), 
    '1', 1, '');
Insert into HOSPITAL.T_APPOINTMENT
   (PK, APPOINTMENT_DATE, APPOINTMENT_STATUS, CREATION_TIME, MODIFIED_TIME, 
    IS_ACTIVE, FK_INSPECTION_PLACE, MESSAGE_TO_DOCTOR)
 Values
   (103, TO_TIMESTAMP('1/6/2017 10:20:00','fmDDfm/fmMMfm/YYYY HH24:MI:SS'), 'NOT_RESERVED', TO_TIMESTAMP('12/4/2017 11:20:42','fmDDfm/fmMMfm/YYYY HH24:MI:SS'), TO_TIMESTAMP('12/4/2017 11:20:42','fmDDfm/fmMMfm/YYYY HH24:MI:SS'), 
    '1', 1, '');
Insert into HOSPITAL.T_APPOINTMENT
   (PK, APPOINTMENT_DATE, APPOINTMENT_STATUS, CREATION_TIME, MODIFIED_TIME, 
    IS_ACTIVE, FK_INSPECTION_PLACE, MESSAGE_TO_DOCTOR)
 Values
   (104, TO_TIMESTAMP('1/6/2017 10:40:00','fmDDfm/fmMMfm/YYYY HH24:MI:SS'), 'NOT_RESERVED', TO_TIMESTAMP('12/4/2017 11:20:47','fmDDfm/fmMMfm/YYYY HH24:MI:SS'), TO_TIMESTAMP('12/4/2017 11:20:47','fmDDfm/fmMMfm/YYYY HH24:MI:SS'), 
    '1', 1, '');
Insert into HOSPITAL.T_APPOINTMENT
   (PK, APPOINTMENT_DATE, APPOINTMENT_STATUS, CREATION_TIME, MODIFIED_TIME, 
    IS_ACTIVE, FK_INSPECTION_PLACE, MESSAGE_TO_DOCTOR)
 Values
   (106, TO_TIMESTAMP('1/6/2017 11:20:00','fmDDfm/fmMMfm/YYYY HH24:MI:SS'), 'NOT_RESERVED', TO_TIMESTAMP('12/4/2017 11:30:39','fmDDfm/fmMMfm/YYYY HH24:MI:SS'), TO_TIMESTAMP('12/4/2017 11:30:39','fmDDfm/fmMMfm/YYYY HH24:MI:SS'), 
    '1', 1, '');
Insert into HOSPITAL.T_APPOINTMENT
   (PK, APPOINTMENT_DATE, APPOINTMENT_STATUS, CREATION_TIME, MODIFIED_TIME, 
    IS_ACTIVE, FK_INSPECTION_PLACE, MESSAGE_TO_DOCTOR)
 Values
   (107, TO_TIMESTAMP('1/6/2017 11:40:00','fmDDfm/fmMMfm/YYYY HH24:MI:SS'), 'NOT_RESERVED', TO_TIMESTAMP('12/4/2017 11:30:39','fmDDfm/fmMMfm/YYYY HH24:MI:SS'), TO_TIMESTAMP('12/4/2017 11:30:39','fmDDfm/fmMMfm/YYYY HH24:MI:SS'), 
    '1', 1, '');
Insert into HOSPITAL.T_APPOINTMENT
   (PK, APPOINTMENT_DATE, APPOINTMENT_STATUS, CREATION_TIME, MODIFIED_TIME, 
    IS_ACTIVE, FK_INSPECTION_PLACE, MESSAGE_TO_DOCTOR)
 Values
   (108, TO_TIMESTAMP('1/6/2017 13:00:00','fmDDfm/fmMMfm/YYYY HH24:MI:SS'), 'NOT_RESERVED', TO_TIMESTAMP('12/4/2017 11:30:39','fmDDfm/fmMMfm/YYYY HH24:MI:SS'), TO_TIMESTAMP('12/4/2017 11:30:39','fmDDfm/fmMMfm/YYYY HH24:MI:SS'), 
    '1', 1, '');
Insert into HOSPITAL.T_APPOINTMENT
   (PK, APPOINTMENT_DATE, APPOINTMENT_STATUS, CREATION_TIME, MODIFIED_TIME, 
    IS_ACTIVE, FK_INSPECTION_PLACE, MESSAGE_TO_DOCTOR)
 Values
   (109, TO_TIMESTAMP('1/6/2017 13:20:00','fmDDfm/fmMMfm/YYYY HH24:MI:SS'), 'NOT_RESERVED', TO_TIMESTAMP('12/4/2017 11:30:39','fmDDfm/fmMMfm/YYYY HH24:MI:SS'), TO_TIMESTAMP('12/4/2017 11:30:39','fmDDfm/fmMMfm/YYYY HH24:MI:SS'), 
    '1', 1, '');
Insert into HOSPITAL.T_APPOINTMENT
   (PK, APPOINTMENT_DATE, APPOINTMENT_STATUS, CREATION_TIME, MODIFIED_TIME, 
    IS_ACTIVE, FK_INSPECTION_PLACE, MESSAGE_TO_DOCTOR)
 Values
   (110, TO_TIMESTAMP('1/6/2017 13:40:00','fmDDfm/fmMMfm/YYYY HH24:MI:SS'), 'NOT_RESERVED', TO_TIMESTAMP('12/4/2017 11:30:39','fmDDfm/fmMMfm/YYYY HH24:MI:SS'), TO_TIMESTAMP('12/4/2017 11:30:39','fmDDfm/fmMMfm/YYYY HH24:MI:SS'), 
    '1', 1, '');
Insert into HOSPITAL.T_APPOINTMENT
   (PK, APPOINTMENT_DATE, APPOINTMENT_STATUS, CREATION_TIME, MODIFIED_TIME, 
    IS_ACTIVE, FK_INSPECTION_PLACE, MESSAGE_TO_DOCTOR)
 Values
   (111, TO_TIMESTAMP('1/6/2017 14:00:00','fmDDfm/fmMMfm/YYYY HH24:MI:SS'), 'NOT_RESERVED', TO_TIMESTAMP('12/4/2017 11:30:39','fmDDfm/fmMMfm/YYYY HH24:MI:SS'), TO_TIMESTAMP('12/4/2017 11:30:39','fmDDfm/fmMMfm/YYYY HH24:MI:SS'), 
    '1', 1, '');
Insert into HOSPITAL.T_APPOINTMENT
   (PK, APPOINTMENT_DATE, APPOINTMENT_STATUS, CREATION_TIME, MODIFIED_TIME, 
    IS_ACTIVE, FK_INSPECTION_PLACE, MESSAGE_TO_DOCTOR)
 Values
   (112, TO_TIMESTAMP('1/6/2017 14:20:00','fmDDfm/fmMMfm/YYYY HH24:MI:SS'), 'NOT_RESERVED', TO_TIMESTAMP('12/4/2017 11:30:39','fmDDfm/fmMMfm/YYYY HH24:MI:SS'), TO_TIMESTAMP('12/4/2017 11:30:39','fmDDfm/fmMMfm/YYYY HH24:MI:SS'), 
    '1', 1, '');
Insert into HOSPITAL.T_APPOINTMENT
   (PK, APPOINTMENT_DATE, APPOINTMENT_STATUS, CREATION_TIME, MODIFIED_TIME, 
    IS_ACTIVE, FK_INSPECTION_PLACE, MESSAGE_TO_DOCTOR)
 Values
   (113, TO_TIMESTAMP('1/6/2017 14:40:00','fmDDfm/fmMMfm/YYYY HH24:MI:SS'), 'NOT_RESERVED', TO_TIMESTAMP('12/4/2017 11:30:39','fmDDfm/fmMMfm/YYYY HH24:MI:SS'), TO_TIMESTAMP('12/4/2017 11:30:39','fmDDfm/fmMMfm/YYYY HH24:MI:SS'), 
    '1', 1, '');
Insert into HOSPITAL.T_APPOINTMENT
   (PK, APPOINTMENT_DATE, APPOINTMENT_STATUS, CREATION_TIME, MODIFIED_TIME, 
    IS_ACTIVE, FK_INSPECTION_PLACE, MESSAGE_TO_DOCTOR)
 Values
   (114, TO_TIMESTAMP('1/6/2017 15:00:00','fmDDfm/fmMMfm/YYYY HH24:MI:SS'), 'NOT_RESERVED', TO_TIMESTAMP('12/4/2017 11:30:39','fmDDfm/fmMMfm/YYYY HH24:MI:SS'), TO_TIMESTAMP('12/4/2017 11:30:39','fmDDfm/fmMMfm/YYYY HH24:MI:SS'), 
    '1', 1, '');
Insert into HOSPITAL.T_APPOINTMENT
   (PK, APPOINTMENT_DATE, APPOINTMENT_STATUS, CREATION_TIME, MODIFIED_TIME, 
    IS_ACTIVE, FK_INSPECTION_PLACE, MESSAGE_TO_DOCTOR)
 Values
   (115, TO_TIMESTAMP('1/6/2017 15:20:00','fmDDfm/fmMMfm/YYYY HH24:MI:SS'), 'NOT_RESERVED', TO_TIMESTAMP('12/4/2017 11:30:39','fmDDfm/fmMMfm/YYYY HH24:MI:SS'), TO_TIMESTAMP('12/4/2017 11:30:39','fmDDfm/fmMMfm/YYYY HH24:MI:SS'), 
    '1', 1, '');
Insert into HOSPITAL.T_APPOINTMENT
   (PK, APPOINTMENT_DATE, APPOINTMENT_STATUS, CREATION_TIME, MODIFIED_TIME, 
    IS_ACTIVE, FK_INSPECTION_PLACE, MESSAGE_TO_DOCTOR)
 Values
   (116, TO_TIMESTAMP('1/6/2017 15:40:00','fmDDfm/fmMMfm/YYYY HH24:MI:SS'), 'NOT_RESERVED', TO_TIMESTAMP('12/4/2017 11:30:39','fmDDfm/fmMMfm/YYYY HH24:MI:SS'), TO_TIMESTAMP('12/4/2017 11:30:39','fmDDfm/fmMMfm/YYYY HH24:MI:SS'), 
    '1', 1, '');
Insert into HOSPITAL.T_APPOINTMENT
   (PK, APPOINTMENT_DATE, APPOINTMENT_STATUS, CREATION_TIME, MODIFIED_TIME, 
    IS_ACTIVE, FK_INSPECTION_PLACE, MESSAGE_TO_DOCTOR)
 Values
   (117, TO_TIMESTAMP('1/6/2017 16:00:00','fmDDfm/fmMMfm/YYYY HH24:MI:SS'), 'NOT_RESERVED', TO_TIMESTAMP('12/4/2017 11:30:39','fmDDfm/fmMMfm/YYYY HH24:MI:SS'), TO_TIMESTAMP('12/4/2017 11:30:39','fmDDfm/fmMMfm/YYYY HH24:MI:SS'), 
    '1', 1, '');
Insert into HOSPITAL.T_APPOINTMENT
   (PK, APPOINTMENT_DATE, APPOINTMENT_STATUS, CREATION_TIME, MODIFIED_TIME, 
    IS_ACTIVE, FK_INSPECTION_PLACE, MESSAGE_TO_DOCTOR)
 Values
   (118, TO_TIMESTAMP('1/6/2017 16:20:00','fmDDfm/fmMMfm/YYYY HH24:MI:SS'), 'NOT_RESERVED', TO_TIMESTAMP('12/4/2017 11:30:40','fmDDfm/fmMMfm/YYYY HH24:MI:SS'), TO_TIMESTAMP('12/4/2017 11:30:40','fmDDfm/fmMMfm/YYYY HH24:MI:SS'), 
    '1', 1, '');
Insert into HOSPITAL.T_APPOINTMENT
   (PK, APPOINTMENT_DATE, APPOINTMENT_STATUS, CREATION_TIME, MODIFIED_TIME, 
    IS_ACTIVE, FK_INSPECTION_PLACE, MESSAGE_TO_DOCTOR)
 Values
   (119, TO_TIMESTAMP('1/6/2017 16:40:00','fmDDfm/fmMMfm/YYYY HH24:MI:SS'), 'NOT_RESERVED', TO_TIMESTAMP('12/4/2017 11:30:40','fmDDfm/fmMMfm/YYYY HH24:MI:SS'), TO_TIMESTAMP('12/4/2017 11:30:40','fmDDfm/fmMMfm/YYYY HH24:MI:SS'), 
    '1', 1, '');
COMMIT;

--SQL Statement which produced this data:
--
--  SELECT * FROM HOSPITAL.T_DOCTOR;
--
Insert into HOSPITAL.T_DOCTOR
   (PK, FIRST_NAME, LAST_NAME, RECORD_NUMBER, PASSWORD,
    CREATION_TIME, MODIFIED_TIME, IS_ACTIVE, GENDER, SECRET_QUESTION,
    FK_BRANCH, DOCTOR_LEVEL, FK_INSPECTION_PLACE)
 Values
   (1, 'SEMIH', 'TERZI', '123456', '8d969eef6ecad3c29a3a629280e686cf0c3f5d5a86aff3ca12020c923adc6c92',
    TO_TIMESTAMP('18/3/2017 14:17:52','fmDDfm/fmMMfm/YYYY HH24:MI:SS'), TO_TIMESTAMP('18/3/2017 14:17:52','fmDDfm/fmMMfm/YYYY HH24:MI:SS'), '1', 'MALE', 'IN_WHAT_CITY_WERE_YOU_BORN',
    12, 'EXPERT', 0);
COMMIT;



Insert into HOSPITAL.T_ASKED_QUESTIONS
   (PK, QUESTION, ANSWER, CREATION_TIME, MODIFIED_TIME,
    IS_ACTIVE)
 Values
   (100, 'Randevu almak ücretli midir?', 'Hayır, randevu almak ücretsiz bir işlemdir.', TO_TIMESTAMP('4/22/2017 1:03:28 PM','fmMMfm/fmDDfm/YYYY fmHH12fm:MI:SS AM'), TO_TIMESTAMP('4/22/2017 1:03:28 PM','fmMMfm/fmDDfm/YYYY fmHH12fm:MI:SS AM'),
    '1');
Insert into HOSPITAL.T_ASKED_QUESTIONS
   (PK, QUESTION, ANSWER, CREATION_TIME, MODIFIED_TIME,
    IS_ACTIVE)
 Values
   (101, 'Alınan randevu nasıl iptal edilir?', 'Giriş yaptıktan sonra randevularım sayfasından yada 400 numaralı çağrı merkezimi arayarak iptal edebilirsiniz.', TO_TIMESTAMP('4/22/2017 1:05:33 PM','fmMMfm/fmDDfm/YYYY fmHH12fm:MI:SS AM'), TO_TIMESTAMP('4/22/2017 1:05:33 PM','fmMMfm/fmDDfm/YYYY fmHH12fm:MI:SS AM'),
    '1');
Insert into HOSPITAL.T_ASKED_QUESTIONS
   (PK, QUESTION, ANSWER, CREATION_TIME, MODIFIED_TIME,
    IS_ACTIVE)
 Values
   (102, 'Randevu nasıl alınır?', 'Kayıt olup, giriş yaptıktan sonra randevu al sekmesinden randevunuzu alabilirsiniz.', TO_TIMESTAMP('4/22/2017 1:07:24 PM','fmMMfm/fmDDfm/YYYY fmHH12fm:MI:SS AM'), TO_TIMESTAMP('4/22/2017 1:07:24 PM','fmMMfm/fmDDfm/YYYY fmHH12fm:MI:SS AM'),
    '1');
COMMIT;



Insert into HOSPITAL.T_SURVEY
   (PK, CREATION_TIME, MODIFIED_TIME, IS_ACTIVE, EXPIRATION_TIME,
    SURVEY_QUESTION)
 Values
   (101, TO_TIMESTAMP('4/23/2017 12:49:36 PM','fmMMfm/fmDDfm/YYYY fmHH12fm:MI:SS AM'), TO_TIMESTAMP('4/23/2017 12:49:36 PM','fmMMfm/fmDDfm/YYYY fmHH12fm:MI:SS AM'), '1', TO_TIMESTAMP('6/25/2017 1:09:35 PM','fmMMfm/fmDDfm/YYYY fmHH12fm:MI:SS AM'),
    'Rahat bir şekilde randevunuzu alabiliyor musunuz?');
Insert into HOSPITAL.T_SURVEY
   (PK, CREATION_TIME, MODIFIED_TIME, IS_ACTIVE, EXPIRATION_TIME,
    SURVEY_QUESTION)
 Values
   (102, TO_TIMESTAMP('4/23/2017 12:50:00 PM','fmMMfm/fmDDfm/YYYY fmHH12fm:MI:SS AM'), TO_TIMESTAMP('4/23/2017 12:50:00 PM','fmMMfm/fmDDfm/YYYY fmHH12fm:MI:SS AM'), '1', TO_TIMESTAMP('6/25/2017 1:09:35 PM','fmMMfm/fmDDfm/YYYY fmHH12fm:MI:SS AM'),
    'Randevu sistemini içerik bakımından yeterli buluyor musunuz?');
Insert into HOSPITAL.T_SURVEY
   (PK, CREATION_TIME, MODIFIED_TIME, IS_ACTIVE, EXPIRATION_TIME,
    SURVEY_QUESTION)
 Values
   (100, TO_TIMESTAMP('4/22/2017 1:09:35 PM','fmMMfm/fmDDfm/YYYY fmHH12fm:MI:SS AM'), TO_TIMESTAMP('4/22/2017 1:09:35 PM','fmMMfm/fmDDfm/YYYY fmHH12fm:MI:SS AM'), '1', TO_TIMESTAMP('6/25/2017 1:09:35 PM','fmMMfm/fmDDfm/YYYY fmHH12fm:MI:SS AM'),
    'Randevu sistemini beğeniyor musunuz?');
COMMIT;



SET DEFINE OFF;
Insert into HOSPITAL.T_OPTION
   (PK, OPTION_TEXT, COUNT, CREATION_TIME, MODIFIED_TIME,
    IS_ACTIVE, SORT_ORDER_NO, FK_SURVEY)
 Values
   (101, 'Kesinlikle hayır', 0, TO_TIMESTAMP('4/22/2017 1:15:12 PM','fmMMfm/fmDDfm/YYYY fmHH12fm:MI:SS AM'), TO_TIMESTAMP('4/22/2017 1:15:12 PM','fmMMfm/fmDDfm/YYYY fmHH12fm:MI:SS AM'),
    '1', 4, 100);
Insert into HOSPITAL.T_OPTION
   (PK, OPTION_TEXT, COUNT, CREATION_TIME, MODIFIED_TIME,
    IS_ACTIVE, SORT_ORDER_NO, FK_SURVEY)
 Values
   (102, 'Hayır', 0, TO_TIMESTAMP('4/22/2017 1:15:18 PM','fmMMfm/fmDDfm/YYYY fmHH12fm:MI:SS AM'), TO_TIMESTAMP('4/22/2017 1:15:18 PM','fmMMfm/fmDDfm/YYYY fmHH12fm:MI:SS AM'),
    '1', 3, 100);
Insert into HOSPITAL.T_OPTION
   (PK, OPTION_TEXT, COUNT, CREATION_TIME, MODIFIED_TIME,
    IS_ACTIVE, SORT_ORDER_NO, FK_SURVEY)
 Values
   (103, 'Evet', 0, TO_TIMESTAMP('4/22/2017 1:15:21 PM','fmMMfm/fmDDfm/YYYY fmHH12fm:MI:SS AM'), TO_TIMESTAMP('4/22/2017 1:15:21 PM','fmMMfm/fmDDfm/YYYY fmHH12fm:MI:SS AM'),
    '1', 2, 100);
Insert into HOSPITAL.T_OPTION
   (PK, OPTION_TEXT, COUNT, CREATION_TIME, MODIFIED_TIME,
    IS_ACTIVE, SORT_ORDER_NO, FK_SURVEY)
 Values
   (104, 'Kesinlikle evet', 0, TO_TIMESTAMP('4/22/2017 1:15:24 PM','fmMMfm/fmDDfm/YYYY fmHH12fm:MI:SS AM'), TO_TIMESTAMP('4/22/2017 1:15:24 PM','fmMMfm/fmDDfm/YYYY fmHH12fm:MI:SS AM'),
    '1', 1, 100);
Insert into HOSPITAL.T_OPTION
   (PK, OPTION_TEXT, COUNT, CREATION_TIME, MODIFIED_TIME,
    IS_ACTIVE, SORT_ORDER_NO, FK_SURVEY)
 Values
   (105, 'Kesinlikle hayır', 0, TO_TIMESTAMP('4/22/2017 1:15:28 PM','fmMMfm/fmDDfm/YYYY fmHH12fm:MI:SS AM'), TO_TIMESTAMP('4/22/2017 1:15:28 PM','fmMMfm/fmDDfm/YYYY fmHH12fm:MI:SS AM'),
    '1', 4, 101);
Insert into HOSPITAL.T_OPTION
   (PK, OPTION_TEXT, COUNT, CREATION_TIME, MODIFIED_TIME,
    IS_ACTIVE, SORT_ORDER_NO, FK_SURVEY)
 Values
   (106, 'Hayır', 0, TO_TIMESTAMP('4/22/2017 1:15:32 PM','fmMMfm/fmDDfm/YYYY fmHH12fm:MI:SS AM'), TO_TIMESTAMP('4/22/2017 1:15:32 PM','fmMMfm/fmDDfm/YYYY fmHH12fm:MI:SS AM'),
    '1', 3, 101);
Insert into HOSPITAL.T_OPTION
   (PK, OPTION_TEXT, COUNT, CREATION_TIME, MODIFIED_TIME,
    IS_ACTIVE, SORT_ORDER_NO, FK_SURVEY)
 Values
   (107, 'Evet', 0, TO_TIMESTAMP('4/22/2017 1:15:35 PM','fmMMfm/fmDDfm/YYYY fmHH12fm:MI:SS AM'), TO_TIMESTAMP('4/22/2017 1:15:35 PM','fmMMfm/fmDDfm/YYYY fmHH12fm:MI:SS AM'),
    '1', 2, 101);
Insert into HOSPITAL.T_OPTION
   (PK, OPTION_TEXT, COUNT, CREATION_TIME, MODIFIED_TIME,
    IS_ACTIVE, SORT_ORDER_NO, FK_SURVEY)
 Values
   (108, 'Kesinlikle evet', 0, TO_TIMESTAMP('4/22/2017 1:15:38 PM','fmMMfm/fmDDfm/YYYY fmHH12fm:MI:SS AM'), TO_TIMESTAMP('4/22/2017 1:15:38 PM','fmMMfm/fmDDfm/YYYY fmHH12fm:MI:SS AM'),
    '1', 1, 101);
Insert into HOSPITAL.T_OPTION
   (PK, OPTION_TEXT, COUNT, CREATION_TIME, MODIFIED_TIME,
    IS_ACTIVE, SORT_ORDER_NO, FK_SURVEY)
 Values
   (109, 'Kesinlikle hayır', 0, TO_TIMESTAMP('4/22/2017 1:15:41 PM','fmMMfm/fmDDfm/YYYY fmHH12fm:MI:SS AM'), TO_TIMESTAMP('4/22/2017 1:15:41 PM','fmMMfm/fmDDfm/YYYY fmHH12fm:MI:SS AM'),
    '1', 4, 102);
Insert into HOSPITAL.T_OPTION
   (PK, OPTION_TEXT, COUNT, CREATION_TIME, MODIFIED_TIME,
    IS_ACTIVE, SORT_ORDER_NO, FK_SURVEY)
 Values
   (110, 'Hayır', 0, TO_TIMESTAMP('4/22/2017 1:15:44 PM','fmMMfm/fmDDfm/YYYY fmHH12fm:MI:SS AM'), TO_TIMESTAMP('4/22/2017 1:15:44 PM','fmMMfm/fmDDfm/YYYY fmHH12fm:MI:SS AM'),
    '1', 3, 102);
Insert into HOSPITAL.T_OPTION
   (PK, OPTION_TEXT, COUNT, CREATION_TIME, MODIFIED_TIME,
    IS_ACTIVE, SORT_ORDER_NO, FK_SURVEY)
 Values
   (111, 'Evet', 0, TO_TIMESTAMP('4/22/2017 1:15:46 PM','fmMMfm/fmDDfm/YYYY fmHH12fm:MI:SS AM'), TO_TIMESTAMP('4/22/2017 1:15:46 PM','fmMMfm/fmDDfm/YYYY fmHH12fm:MI:SS AM'),
    '1', 2, 102);
Insert into HOSPITAL.T_OPTION
   (PK, OPTION_TEXT, COUNT, CREATION_TIME, MODIFIED_TIME,
    IS_ACTIVE, SORT_ORDER_NO, FK_SURVEY)
 Values
   (112, 'Kesinlikle evet', 0, TO_TIMESTAMP('4/22/2017 1:15:49 PM','fmMMfm/fmDDfm/YYYY fmHH12fm:MI:SS AM'), TO_TIMESTAMP('4/22/2017 1:15:49 PM','fmMMfm/fmDDfm/YYYY fmHH12fm:MI:SS AM'),
    '1', 1, 102);
COMMIT;




