SET DEFINE OFF;
--SQL Statement which produced this data:
--
--  SELECT * FROM HOSPITAL.T_ALERGY;
--
Insert into HOSPITAL.T_ALERGY
   (PK, ALERGY_NAME, CREATION_TIME, MODIFIED_TIME, IS_ACTIVE)
 Values
   (3, 'ALERJIK ASTIM', TO_TIMESTAMP('18/3/2017 13:40:12','fmDDfm/fmMMfm/YYYY HH24:MI:SS'), TO_TIMESTAMP('18/3/2017 13:40:12','fmDDfm/fmMMfm/YYYY HH24:MI:SS'), '1');
Insert into HOSPITAL.T_ALERGY
   (PK, ALERGY_NAME, CREATION_TIME, MODIFIED_TIME, IS_ACTIVE)
 Values
   (1, 'DERI ALERJISI', TO_TIMESTAMP('18/3/2017 13:39:50','fmDDfm/fmMMfm/YYYY HH24:MI:SS'), TO_TIMESTAMP('18/3/2017 13:39:50','fmDDfm/fmMMfm/YYYY HH24:MI:SS'), '1');
Insert into HOSPITAL.T_ALERGY
   (PK, ALERGY_NAME, CREATION_TIME, MODIFIED_TIME, IS_ACTIVE)
 Values
   (2, 'ALERJIK RINIT', TO_TIMESTAMP('18/3/2017 13:40:03','fmDDfm/fmMMfm/YYYY HH24:MI:SS'), TO_TIMESTAMP('18/3/2017 13:40:03','fmDDfm/fmMMfm/YYYY HH24:MI:SS'), '1');
Insert into HOSPITAL.T_ALERGY
   (PK, ALERGY_NAME, CREATION_TIME, MODIFIED_TIME, IS_ACTIVE)
 Values
   (4, 'BESIN ALERJISI', TO_TIMESTAMP('18/3/2017 13:40:26','fmDDfm/fmMMfm/YYYY HH24:MI:SS'), TO_TIMESTAMP('18/3/2017 13:40:26','fmDDfm/fmMMfm/YYYY HH24:MI:SS'), '1');
Insert into HOSPITAL.T_ALERGY
   (PK, ALERGY_NAME, CREATION_TIME, MODIFIED_TIME, IS_ACTIVE)
 Values
   (5, 'ATOPIK DERMATIT', TO_TIMESTAMP('18/3/2017 13:40:36','fmDDfm/fmMMfm/YYYY HH24:MI:SS'), TO_TIMESTAMP('18/3/2017 13:40:36','fmDDfm/fmMMfm/YYYY HH24:MI:SS'), '1');
Insert into HOSPITAL.T_ALERGY
   (PK, ALERGY_NAME, CREATION_TIME, MODIFIED_TIME, IS_ACTIVE)
 Values
   (6, 'ARI SOKMASI', TO_TIMESTAMP('18/3/2017 13:40:44','fmDDfm/fmMMfm/YYYY HH24:MI:SS'), TO_TIMESTAMP('18/3/2017 13:40:44','fmDDfm/fmMMfm/YYYY HH24:MI:SS'), '1');
Insert into HOSPITAL.T_ALERGY
   (PK, ALERGY_NAME, CREATION_TIME, MODIFIED_TIME, IS_ACTIVE)
 Values
   (7, 'ANAFILAKSI', TO_TIMESTAMP('18/3/2017 13:40:55','fmDDfm/fmMMfm/YYYY HH24:MI:SS'), TO_TIMESTAMP('18/3/2017 13:40:55','fmDDfm/fmMMfm/YYYY HH24:MI:SS'), '1');
COMMIT;
--SQL Statement which produced this data:
--
--  SELECT * FROM HOSPITAL.T_ASSAY;
--
Insert into HOSPITAL.T_ASSAY
   (PK, ASSAY_NAME, CREATION_TIME, MODIFIED_TIME, IS_ACTIVE)
 Values
   (0, 'RUTIN BIYOKIMYA', TO_TIMESTAMP('18/3/2017 14:01:53','fmDDfm/fmMMfm/YYYY HH24:MI:SS'), TO_TIMESTAMP('18/3/2017 14:01:53','fmDDfm/fmMMfm/YYYY HH24:MI:SS'), '1');
Insert into HOSPITAL.T_ASSAY
   (PK, ASSAY_NAME, CREATION_TIME, MODIFIED_TIME, IS_ACTIVE)
 Values
   (1, 'HORMON', TO_TIMESTAMP('18/3/2017 14:02:02','fmDDfm/fmMMfm/YYYY HH24:MI:SS'), TO_TIMESTAMP('18/3/2017 14:02:02','fmDDfm/fmMMfm/YYYY HH24:MI:SS'), '1');
Insert into HOSPITAL.T_ASSAY
   (PK, ASSAY_NAME, CREATION_TIME, MODIFIED_TIME, IS_ACTIVE)
 Values
   (2, 'HEMOTOLOJI', TO_TIMESTAMP('18/3/2017 14:02:57','fmDDfm/fmMMfm/YYYY HH24:MI:SS'), TO_TIMESTAMP('18/3/2017 14:02:57','fmDDfm/fmMMfm/YYYY HH24:MI:SS'), '1');
Insert into HOSPITAL.T_ASSAY
   (PK, ASSAY_NAME, CREATION_TIME, MODIFIED_TIME, IS_ACTIVE)
 Values
   (3, 'ELISA', TO_TIMESTAMP('18/3/2017 14:03:19','fmDDfm/fmMMfm/YYYY HH24:MI:SS'), TO_TIMESTAMP('18/3/2017 14:03:19','fmDDfm/fmMMfm/YYYY HH24:MI:SS'), '1');
Insert into HOSPITAL.T_ASSAY
   (PK, ASSAY_NAME, CREATION_TIME, MODIFIED_TIME, IS_ACTIVE)
 Values
   (4, 'TAM IDRAR TAHLILI', TO_TIMESTAMP('18/3/2017 14:03:33','fmDDfm/fmMMfm/YYYY HH24:MI:SS'), TO_TIMESTAMP('18/3/2017 14:03:33','fmDDfm/fmMMfm/YYYY HH24:MI:SS'), '1');
Insert into HOSPITAL.T_ASSAY
   (PK, ASSAY_NAME, CREATION_TIME, MODIFIED_TIME, IS_ACTIVE)
 Values
   (5, 'IDRAR KULTURU', TO_TIMESTAMP('18/3/2017 14:03:43','fmDDfm/fmMMfm/YYYY HH24:MI:SS'), TO_TIMESTAMP('18/3/2017 14:03:43','fmDDfm/fmMMfm/YYYY HH24:MI:SS'), '1');
Insert into HOSPITAL.T_ASSAY
   (PK, ASSAY_NAME, CREATION_TIME, MODIFIED_TIME, IS_ACTIVE)
 Values
   (6, 'ULTRASON', TO_TIMESTAMP('18/3/2017 14:03:54','fmDDfm/fmMMfm/YYYY HH24:MI:SS'), TO_TIMESTAMP('18/3/2017 14:03:54','fmDDfm/fmMMfm/YYYY HH24:MI:SS'), '1');
Insert into HOSPITAL.T_ASSAY
   (PK, ASSAY_NAME, CREATION_TIME, MODIFIED_TIME, IS_ACTIVE)
 Values
   (7, 'MR', TO_TIMESTAMP('18/3/2017 14:03:58','fmDDfm/fmMMfm/YYYY HH24:MI:SS'), TO_TIMESTAMP('18/3/2017 14:03:58','fmDDfm/fmMMfm/YYYY HH24:MI:SS'), '1');
Insert into HOSPITAL.T_ASSAY
   (PK, ASSAY_NAME, CREATION_TIME, MODIFIED_TIME, IS_ACTIVE)
 Values
   (8, 'TOMOGRAFI', TO_TIMESTAMP('18/3/2017 14:04:08','fmDDfm/fmMMfm/YYYY HH24:MI:SS'), TO_TIMESTAMP('18/3/2017 14:04:08','fmDDfm/fmMMfm/YYYY HH24:MI:SS'), '1');
Insert into HOSPITAL.T_ASSAY
   (PK, ASSAY_NAME, CREATION_TIME, MODIFIED_TIME, IS_ACTIVE)
 Values
   (9, 'SMEAR TESTI', TO_TIMESTAMP('18/3/2017 14:04:28','fmDDfm/fmMMfm/YYYY HH24:MI:SS'), TO_TIMESTAMP('18/3/2017 14:04:28','fmDDfm/fmMMfm/YYYY HH24:MI:SS'), '1');
Insert into HOSPITAL.T_ASSAY
   (PK, ASSAY_NAME, CREATION_TIME, MODIFIED_TIME, IS_ACTIVE)
 Values
   (10, 'EKO', TO_TIMESTAMP('18/3/2017 14:04:31','fmDDfm/fmMMfm/YYYY HH24:MI:SS'), TO_TIMESTAMP('18/3/2017 14:04:31','fmDDfm/fmMMfm/YYYY HH24:MI:SS'), '1');
Insert into HOSPITAL.T_ASSAY
   (PK, ASSAY_NAME, CREATION_TIME, MODIFIED_TIME, IS_ACTIVE)
 Values
   (11, 'EKG', TO_TIMESTAMP('18/3/2017 14:04:37','fmDDfm/fmMMfm/YYYY HH24:MI:SS'), TO_TIMESTAMP('18/3/2017 14:04:37','fmDDfm/fmMMfm/YYYY HH24:MI:SS'), '1');
COMMIT;
--SQL Statement which produced this data:
--
--  SELECT * FROM HOSPITAL.T_BRANCH;
--
Insert into HOSPITAL.T_BRANCH
   (PK, BRANCH_NAME, CREATION_TIME, MODIFIED_TIME, IS_ACTIVE)
 Values
   (3, 'ACIL TIP', TO_TIMESTAMP('18/3/2017 13:55:58','fmDDfm/fmMMfm/YYYY HH24:MI:SS'), TO_TIMESTAMP('18/3/2017 13:55:58','fmDDfm/fmMMfm/YYYY HH24:MI:SS'), '1');
Insert into HOSPITAL.T_BRANCH
   (PK, BRANCH_NAME, CREATION_TIME, MODIFIED_TIME, IS_ACTIVE)
 Values
   (4, 'AILE HEKIMLIGI', TO_TIMESTAMP('18/3/2017 13:56:05','fmDDfm/fmMMfm/YYYY HH24:MI:SS'), TO_TIMESTAMP('18/3/2017 13:56:05','fmDDfm/fmMMfm/YYYY HH24:MI:SS'), '1');
Insert into HOSPITAL.T_BRANCH
   (PK, BRANCH_NAME, CREATION_TIME, MODIFIED_TIME, IS_ACTIVE)
 Values
   (5, 'ALERJI HASTALIKLARI', TO_TIMESTAMP('18/3/2017 13:56:52','fmDDfm/fmMMfm/YYYY HH24:MI:SS'), TO_TIMESTAMP('18/3/2017 13:56:52','fmDDfm/fmMMfm/YYYY HH24:MI:SS'), '1');
Insert into HOSPITAL.T_BRANCH
   (PK, BRANCH_NAME, CREATION_TIME, MODIFIED_TIME, IS_ACTIVE)
 Values
   (6, 'BEYIN VE SINIR CERRAHISI', TO_TIMESTAMP('18/3/2017 13:56:59','fmDDfm/fmMMfm/YYYY HH24:MI:SS'), TO_TIMESTAMP('18/3/2017 13:56:59','fmDDfm/fmMMfm/YYYY HH24:MI:SS'), '1');
Insert into HOSPITAL.T_BRANCH
   (PK, BRANCH_NAME, CREATION_TIME, MODIFIED_TIME, IS_ACTIVE)
 Values
   (7, 'COCUK GOGUS HASTALIKLARI', TO_TIMESTAMP('18/3/2017 13:57:15','fmDDfm/fmMMfm/YYYY HH24:MI:SS'), TO_TIMESTAMP('18/3/2017 13:57:15','fmDDfm/fmMMfm/YYYY HH24:MI:SS'), '1');
Insert into HOSPITAL.T_BRANCH
   (PK, BRANCH_NAME, CREATION_TIME, MODIFIED_TIME, IS_ACTIVE)
 Values
   (8, 'COCUK PSIKIYATRISI', TO_TIMESTAMP('18/3/2017 13:57:40','fmDDfm/fmMMfm/YYYY HH24:MI:SS'), TO_TIMESTAMP('18/3/2017 13:57:40','fmDDfm/fmMMfm/YYYY HH24:MI:SS'), '1');
Insert into HOSPITAL.T_BRANCH
   (PK, BRANCH_NAME, CREATION_TIME, MODIFIED_TIME, IS_ACTIVE)
 Values
   (9, 'DERMATOLOJI', TO_TIMESTAMP('18/3/2017 13:57:46','fmDDfm/fmMMfm/YYYY HH24:MI:SS'), TO_TIMESTAMP('18/3/2017 13:57:46','fmDDfm/fmMMfm/YYYY HH24:MI:SS'), '1');
Insert into HOSPITAL.T_BRANCH
   (PK, BRANCH_NAME, CREATION_TIME, MODIFIED_TIME, IS_ACTIVE)
 Values
   (10, 'FIZYOLOJI', TO_TIMESTAMP('18/3/2017 13:57:54','fmDDfm/fmMMfm/YYYY HH24:MI:SS'), TO_TIMESTAMP('18/3/2017 13:57:54','fmDDfm/fmMMfm/YYYY HH24:MI:SS'), '1');
Insert into HOSPITAL.T_BRANCH
   (PK, BRANCH_NAME, CREATION_TIME, MODIFIED_TIME, IS_ACTIVE)
 Values
   (11, 'GENEL CERRAHI', TO_TIMESTAMP('18/3/2017 13:58:04','fmDDfm/fmMMfm/YYYY HH24:MI:SS'), TO_TIMESTAMP('18/3/2017 13:58:04','fmDDfm/fmMMfm/YYYY HH24:MI:SS'), '1');
Insert into HOSPITAL.T_BRANCH
   (PK, BRANCH_NAME, CREATION_TIME, MODIFIED_TIME, IS_ACTIVE)
 Values
   (12, 'GOZ HASTALIKLARI', TO_TIMESTAMP('18/3/2017 13:58:24','fmDDfm/fmMMfm/YYYY HH24:MI:SS'), TO_TIMESTAMP('18/3/2017 13:58:24','fmDDfm/fmMMfm/YYYY HH24:MI:SS'), '1');
Insert into HOSPITAL.T_BRANCH
   (PK, BRANCH_NAME, CREATION_TIME, MODIFIED_TIME, IS_ACTIVE)
 Values
   (13, 'IC HASTALIKLARI', TO_TIMESTAMP('18/3/2017 13:58:33','fmDDfm/fmMMfm/YYYY HH24:MI:SS'), TO_TIMESTAMP('18/3/2017 13:58:33','fmDDfm/fmMMfm/YYYY HH24:MI:SS'), '1');
Insert into HOSPITAL.T_BRANCH
   (PK, BRANCH_NAME, CREATION_TIME, MODIFIED_TIME, IS_ACTIVE)
 Values
   (14, 'KALP VE DAMAR CERRAHISI', TO_TIMESTAMP('18/3/2017 13:58:44','fmDDfm/fmMMfm/YYYY HH24:MI:SS'), TO_TIMESTAMP('18/3/2017 13:58:44','fmDDfm/fmMMfm/YYYY HH24:MI:SS'), '1');
Insert into HOSPITAL.T_BRANCH
   (PK, BRANCH_NAME, CREATION_TIME, MODIFIED_TIME, IS_ACTIVE)
 Values
   (15, 'NOROLOJI', TO_TIMESTAMP('18/3/2017 13:58:56','fmDDfm/fmMMfm/YYYY HH24:MI:SS'), TO_TIMESTAMP('18/3/2017 13:58:56','fmDDfm/fmMMfm/YYYY HH24:MI:SS'), '1');
Insert into HOSPITAL.T_BRANCH
   (PK, BRANCH_NAME, CREATION_TIME, MODIFIED_TIME, IS_ACTIVE)
 Values
   (16, 'ORTAPEDI VE TRAVMATOLOJI', TO_TIMESTAMP('18/3/2017 13:59:18','fmDDfm/fmMMfm/YYYY HH24:MI:SS'), TO_TIMESTAMP('18/3/2017 13:59:18','fmDDfm/fmMMfm/YYYY HH24:MI:SS'), '1');
Insert into HOSPITAL.T_BRANCH
   (PK, BRANCH_NAME, CREATION_TIME, MODIFIED_TIME, IS_ACTIVE)
 Values
   (17, 'PSIKATRI', TO_TIMESTAMP('18/3/2017 13:59:36','fmDDfm/fmMMfm/YYYY HH24:MI:SS'), TO_TIMESTAMP('18/3/2017 13:59:36','fmDDfm/fmMMfm/YYYY HH24:MI:SS'), '1');
Insert into HOSPITAL.T_BRANCH
   (PK, BRANCH_NAME, CREATION_TIME, MODIFIED_TIME, IS_ACTIVE)
 Values
   (18, 'UROLOJI', TO_TIMESTAMP('18/3/2017 13:59:49','fmDDfm/fmMMfm/YYYY HH24:MI:SS'), TO_TIMESTAMP('18/3/2017 13:59:49','fmDDfm/fmMMfm/YYYY HH24:MI:SS'), '1');
COMMIT;
--SQL Statement which produced this data:
--
--  SELECT * FROM HOSPITAL.T_CITY;
--
Insert into HOSPITAL.T_CITY
   (PK, CITY_NAME, CREATION_TIME, MODIFIED_TIME, IS_ACTIVE)
 Values
   (1, 'ISTANBUL', TO_TIMESTAMP('18/3/2017 13:23:52','fmDDfm/fmMMfm/YYYY HH24:MI:SS'), TO_TIMESTAMP('18/3/2017 13:23:52','fmDDfm/fmMMfm/YYYY HH24:MI:SS'), '1');
Insert into HOSPITAL.T_CITY
   (PK, CITY_NAME, CREATION_TIME, MODIFIED_TIME, IS_ACTIVE)
 Values
   (2, 'ANKARA', TO_TIMESTAMP('18/3/2017 13:23:57','fmDDfm/fmMMfm/YYYY HH24:MI:SS'), TO_TIMESTAMP('18/3/2017 13:23:57','fmDDfm/fmMMfm/YYYY HH24:MI:SS'), '1');
Insert into HOSPITAL.T_CITY
   (PK, CITY_NAME, CREATION_TIME, MODIFIED_TIME, IS_ACTIVE)
 Values
   (3, 'IZMIR', TO_TIMESTAMP('18/3/2017 13:24:00','fmDDfm/fmMMfm/YYYY HH24:MI:SS'), TO_TIMESTAMP('18/3/2017 13:24:00','fmDDfm/fmMMfm/YYYY HH24:MI:SS'), '1');
COMMIT;
--SQL Statement which produced this data:
--
--  SELECT * FROM HOSPITAL.T_DISEASE;
--
Insert into HOSPITAL.T_DISEASE
   (PK, DISEASE_NAME, CREATION_TIME, MODIFIED_TIME, IS_ACTIVE)
 Values
   (0, 'BRONSIT', TO_TIMESTAMP('18/3/2017 13:43:18','fmDDfm/fmMMfm/YYYY HH24:MI:SS'), TO_TIMESTAMP('18/3/2017 13:43:18','fmDDfm/fmMMfm/YYYY HH24:MI:SS'), '1');
Insert into HOSPITAL.T_DISEASE
   (PK, DISEASE_NAME, CREATION_TIME, MODIFIED_TIME, IS_ACTIVE)
 Values
   (1, 'CARPINTI', TO_TIMESTAMP('18/3/2017 13:43:29','fmDDfm/fmMMfm/YYYY HH24:MI:SS'), TO_TIMESTAMP('18/3/2017 13:43:29','fmDDfm/fmMMfm/YYYY HH24:MI:SS'), '1');
Insert into HOSPITAL.T_DISEASE
   (PK, DISEASE_NAME, CREATION_TIME, MODIFIED_TIME, IS_ACTIVE)
 Values
   (2, 'DAMAR SERTLIGI', TO_TIMESTAMP('18/3/2017 13:43:43','fmDDfm/fmMMfm/YYYY HH24:MI:SS'), TO_TIMESTAMP('18/3/2017 13:43:43','fmDDfm/fmMMfm/YYYY HH24:MI:SS'), '1');
Insert into HOSPITAL.T_DISEASE
   (PK, DISEASE_NAME, CREATION_TIME, MODIFIED_TIME, IS_ACTIVE)
 Values
   (3, 'DERI KANSERI', TO_TIMESTAMP('18/3/2017 13:43:53','fmDDfm/fmMMfm/YYYY HH24:MI:SS'), TO_TIMESTAMP('18/3/2017 13:43:53','fmDDfm/fmMMfm/YYYY HH24:MI:SS'), '1');
Insert into HOSPITAL.T_DISEASE
   (PK, DISEASE_NAME, CREATION_TIME, MODIFIED_TIME, IS_ACTIVE)
 Values
   (4, 'DIZANTERI', TO_TIMESTAMP('18/3/2017 13:44:02','fmDDfm/fmMMfm/YYYY HH24:MI:SS'), TO_TIMESTAMP('18/3/2017 13:44:02','fmDDfm/fmMMfm/YYYY HH24:MI:SS'), '1');
Insert into HOSPITAL.T_DISEASE
   (PK, DISEASE_NAME, CREATION_TIME, MODIFIED_TIME, IS_ACTIVE)
 Values
   (5, 'ASTIGMATLIK', TO_TIMESTAMP('18/3/2017 13:44:46','fmDDfm/fmMMfm/YYYY HH24:MI:SS'), TO_TIMESTAMP('18/3/2017 13:44:46','fmDDfm/fmMMfm/YYYY HH24:MI:SS'), '1');
Insert into HOSPITAL.T_DISEASE
   (PK, DISEASE_NAME, CREATION_TIME, MODIFIED_TIME, IS_ACTIVE)
 Values
   (6, 'BOGMACA', TO_TIMESTAMP('18/3/2017 13:44:49','fmDDfm/fmMMfm/YYYY HH24:MI:SS'), TO_TIMESTAMP('18/3/2017 13:44:49','fmDDfm/fmMMfm/YYYY HH24:MI:SS'), '1');
Insert into HOSPITAL.T_DISEASE
   (PK, DISEASE_NAME, CREATION_TIME, MODIFIED_TIME, IS_ACTIVE)
 Values
   (7, 'BOBREK TASI', TO_TIMESTAMP('18/3/2017 13:45:01','fmDDfm/fmMMfm/YYYY HH24:MI:SS'), TO_TIMESTAMP('18/3/2017 13:45:01','fmDDfm/fmMMfm/YYYY HH24:MI:SS'), '1');
Insert into HOSPITAL.T_DISEASE
   (PK, DISEASE_NAME, CREATION_TIME, MODIFIED_TIME, IS_ACTIVE)
 Values
   (8, 'FITIK', TO_TIMESTAMP('18/3/2017 13:46:00','fmDDfm/fmMMfm/YYYY HH24:MI:SS'), TO_TIMESTAMP('18/3/2017 13:46:00','fmDDfm/fmMMfm/YYYY HH24:MI:SS'), '1');
Insert into HOSPITAL.T_DISEASE
   (PK, DISEASE_NAME, CREATION_TIME, MODIFIED_TIME, IS_ACTIVE)
 Values
   (9, 'GECE KORLUGU', TO_TIMESTAMP('18/3/2017 13:46:15','fmDDfm/fmMMfm/YYYY HH24:MI:SS'), TO_TIMESTAMP('18/3/2017 13:46:15','fmDDfm/fmMMfm/YYYY HH24:MI:SS'), '1');
Insert into HOSPITAL.T_DISEASE
   (PK, DISEASE_NAME, CREATION_TIME, MODIFIED_TIME, IS_ACTIVE)
 Values
   (10, 'GRIP', TO_TIMESTAMP('18/3/2017 13:46:29','fmDDfm/fmMMfm/YYYY HH24:MI:SS'), TO_TIMESTAMP('18/3/2017 13:46:29','fmDDfm/fmMMfm/YYYY HH24:MI:SS'), '1');
Insert into HOSPITAL.T_DISEASE
   (PK, DISEASE_NAME, CREATION_TIME, MODIFIED_TIME, IS_ACTIVE)
 Values
   (11, 'HEMOFILI', TO_TIMESTAMP('18/3/2017 13:46:54','fmDDfm/fmMMfm/YYYY HH24:MI:SS'), TO_TIMESTAMP('18/3/2017 13:46:54','fmDDfm/fmMMfm/YYYY HH24:MI:SS'), '1');
Insert into HOSPITAL.T_DISEASE
   (PK, DISEASE_NAME, CREATION_TIME, MODIFIED_TIME, IS_ACTIVE)
 Values
   (12, 'ISHAL', TO_TIMESTAMP('18/3/2017 13:47:02','fmDDfm/fmMMfm/YYYY HH24:MI:SS'), TO_TIMESTAMP('18/3/2017 13:47:02','fmDDfm/fmMMfm/YYYY HH24:MI:SS'), '1');
Insert into HOSPITAL.T_DISEASE
   (PK, DISEASE_NAME, CREATION_TIME, MODIFIED_TIME, IS_ACTIVE)
 Values
   (13, 'KANSER', TO_TIMESTAMP('18/3/2017 13:47:32','fmDDfm/fmMMfm/YYYY HH24:MI:SS'), TO_TIMESTAMP('18/3/2017 13:47:32','fmDDfm/fmMMfm/YYYY HH24:MI:SS'), '1');
Insert into HOSPITAL.T_DISEASE
   (PK, DISEASE_NAME, CREATION_TIME, MODIFIED_TIME, IS_ACTIVE)
 Values
   (14, 'KISIRLIK', TO_TIMESTAMP('18/3/2017 13:47:36','fmDDfm/fmMMfm/YYYY HH24:MI:SS'), TO_TIMESTAMP('18/3/2017 13:47:36','fmDDfm/fmMMfm/YYYY HH24:MI:SS'), '1');
Insert into HOSPITAL.T_DISEASE
   (PK, DISEASE_NAME, CREATION_TIME, MODIFIED_TIME, IS_ACTIVE)
 Values
   (15, 'KUDUZ', TO_TIMESTAMP('18/3/2017 13:47:41','fmDDfm/fmMMfm/YYYY HH24:MI:SS'), TO_TIMESTAMP('18/3/2017 13:47:41','fmDDfm/fmMMfm/YYYY HH24:MI:SS'), '1');
Insert into HOSPITAL.T_DISEASE
   (PK, DISEASE_NAME, CREATION_TIME, MODIFIED_TIME, IS_ACTIVE)
 Values
   (16, 'KULAK ILTIHABI', TO_TIMESTAMP('18/3/2017 13:47:56','fmDDfm/fmMMfm/YYYY HH24:MI:SS'), TO_TIMESTAMP('18/3/2017 13:47:56','fmDDfm/fmMMfm/YYYY HH24:MI:SS'), '1');
Insert into HOSPITAL.T_DISEASE
   (PK, DISEASE_NAME, CREATION_TIME, MODIFIED_TIME, IS_ACTIVE)
 Values
   (17, 'MIGREN', TO_TIMESTAMP('18/3/2017 13:48:08','fmDDfm/fmMMfm/YYYY HH24:MI:SS'), TO_TIMESTAMP('18/3/2017 13:48:08','fmDDfm/fmMMfm/YYYY HH24:MI:SS'), '1');
Insert into HOSPITAL.T_DISEASE
   (PK, DISEASE_NAME, CREATION_TIME, MODIFIED_TIME, IS_ACTIVE)
 Values
   (18, 'NASIR', TO_TIMESTAMP('18/3/2017 13:48:48','fmDDfm/fmMMfm/YYYY HH24:MI:SS'), TO_TIMESTAMP('18/3/2017 13:48:48','fmDDfm/fmMMfm/YYYY HH24:MI:SS'), '1');
Insert into HOSPITAL.T_DISEASE
   (PK, DISEASE_NAME, CREATION_TIME, MODIFIED_TIME, IS_ACTIVE)
 Values
   (19, 'ODEM', TO_TIMESTAMP('18/3/2017 13:48:54','fmDDfm/fmMMfm/YYYY HH24:MI:SS'), TO_TIMESTAMP('18/3/2017 13:48:54','fmDDfm/fmMMfm/YYYY HH24:MI:SS'), '1');
Insert into HOSPITAL.T_DISEASE
   (PK, DISEASE_NAME, CREATION_TIME, MODIFIED_TIME, IS_ACTIVE)
 Values
   (20, 'ROMATIZMA', TO_TIMESTAMP('18/3/2017 13:49:05','fmDDfm/fmMMfm/YYYY HH24:MI:SS'), TO_TIMESTAMP('18/3/2017 13:49:05','fmDDfm/fmMMfm/YYYY HH24:MI:SS'), '1');
Insert into HOSPITAL.T_DISEASE
   (PK, DISEASE_NAME, CREATION_TIME, MODIFIED_TIME, IS_ACTIVE)
 Values
   (21, 'SACKIRAN', TO_TIMESTAMP('18/3/2017 13:49:15','fmDDfm/fmMMfm/YYYY HH24:MI:SS'), TO_TIMESTAMP('18/3/2017 13:49:15','fmDDfm/fmMMfm/YYYY HH24:MI:SS'), '1');
Insert into HOSPITAL.T_DISEASE
   (PK, DISEASE_NAME, CREATION_TIME, MODIFIED_TIME, IS_ACTIVE)
 Values
   (22, 'SITMA', TO_TIMESTAMP('18/3/2017 13:49:19','fmDDfm/fmMMfm/YYYY HH24:MI:SS'), TO_TIMESTAMP('18/3/2017 13:49:19','fmDDfm/fmMMfm/YYYY HH24:MI:SS'), '1');
Insert into HOSPITAL.T_DISEASE
   (PK, DISEASE_NAME, CREATION_TIME, MODIFIED_TIME, IS_ACTIVE)
 Values
   (23, 'SINUZIT', TO_TIMESTAMP('18/3/2017 13:49:27','fmDDfm/fmMMfm/YYYY HH24:MI:SS'), TO_TIMESTAMP('18/3/2017 13:49:27','fmDDfm/fmMMfm/YYYY HH24:MI:SS'), '1');
Insert into HOSPITAL.T_DISEASE
   (PK, DISEASE_NAME, CREATION_TIME, MODIFIED_TIME, IS_ACTIVE)
 Values
   (24, 'TIFO', TO_TIMESTAMP('18/3/2017 13:49:42','fmDDfm/fmMMfm/YYYY HH24:MI:SS'), TO_TIMESTAMP('18/3/2017 13:49:42','fmDDfm/fmMMfm/YYYY HH24:MI:SS'), '1');
Insert into HOSPITAL.T_DISEASE
   (PK, DISEASE_NAME, CREATION_TIME, MODIFIED_TIME, IS_ACTIVE)
 Values
   (25, 'VEREM', TO_TIMESTAMP('18/3/2017 13:49:56','fmDDfm/fmMMfm/YYYY HH24:MI:SS'), TO_TIMESTAMP('18/3/2017 13:49:56','fmDDfm/fmMMfm/YYYY HH24:MI:SS'), '1');
Insert into HOSPITAL.T_DISEASE
   (PK, DISEASE_NAME, CREATION_TIME, MODIFIED_TIME, IS_ACTIVE)
 Values
   (26, 'ZATURREE', TO_TIMESTAMP('18/3/2017 13:50:30','fmDDfm/fmMMfm/YYYY HH24:MI:SS'), TO_TIMESTAMP('18/3/2017 13:50:30','fmDDfm/fmMMfm/YYYY HH24:MI:SS'), '1');
COMMIT;
--SQL Statement which produced this data:
--
--  SELECT * FROM HOSPITAL.T_DISTRICT;
--
Insert into HOSPITAL.T_DISTRICT
   (PK, DISTRICT_NAME, CREATION_TIME, MODIFIED_TIME, FK_CITY, 
    IS_ACTIVE)
 Values
   (0, 'SISLI', TO_TIMESTAMP('18/3/2017 13:24:30','fmDDfm/fmMMfm/YYYY HH24:MI:SS'), TO_TIMESTAMP('18/3/2017 13:24:30','fmDDfm/fmMMfm/YYYY HH24:MI:SS'), 1, 
    '1');
Insert into HOSPITAL.T_DISTRICT
   (PK, DISTRICT_NAME, CREATION_TIME, MODIFIED_TIME, FK_CITY, 
    IS_ACTIVE)
 Values
   (1, 'BAKIRKOY', TO_TIMESTAMP('18/3/2017 13:24:35','fmDDfm/fmMMfm/YYYY HH24:MI:SS'), TO_TIMESTAMP('18/3/2017 13:24:35','fmDDfm/fmMMfm/YYYY HH24:MI:SS'), 1, 
    '1');
Insert into HOSPITAL.T_DISTRICT
   (PK, DISTRICT_NAME, CREATION_TIME, MODIFIED_TIME, FK_CITY, 
    IS_ACTIVE)
 Values
   (2, 'AVCILAR', TO_TIMESTAMP('18/3/2017 13:24:46','fmDDfm/fmMMfm/YYYY HH24:MI:SS'), TO_TIMESTAMP('18/3/2017 13:24:46','fmDDfm/fmMMfm/YYYY HH24:MI:SS'), 1, 
    '1');
Insert into HOSPITAL.T_DISTRICT
   (PK, DISTRICT_NAME, CREATION_TIME, MODIFIED_TIME, FK_CITY, 
    IS_ACTIVE)
 Values
   (3, 'BORNOVA', TO_TIMESTAMP('18/3/2017 13:26:40','fmDDfm/fmMMfm/YYYY HH24:MI:SS'), TO_TIMESTAMP('18/3/2017 13:26:40','fmDDfm/fmMMfm/YYYY HH24:MI:SS'), 3, 
    '1');
Insert into HOSPITAL.T_DISTRICT
   (PK, DISTRICT_NAME, CREATION_TIME, MODIFIED_TIME, FK_CITY, 
    IS_ACTIVE)
 Values
   (4, 'BUCA', TO_TIMESTAMP('18/3/2017 13:26:56','fmDDfm/fmMMfm/YYYY HH24:MI:SS'), TO_TIMESTAMP('18/3/2017 13:26:56','fmDDfm/fmMMfm/YYYY HH24:MI:SS'), 3, 
    '1');
Insert into HOSPITAL.T_DISTRICT
   (PK, DISTRICT_NAME, CREATION_TIME, MODIFIED_TIME, FK_CITY, 
    IS_ACTIVE)
 Values
   (5, 'URLA', TO_TIMESTAMP('18/3/2017 13:27:18','fmDDfm/fmMMfm/YYYY HH24:MI:SS'), TO_TIMESTAMP('18/3/2017 13:27:18','fmDDfm/fmMMfm/YYYY HH24:MI:SS'), 3, 
    '1');
Insert into HOSPITAL.T_DISTRICT
   (PK, DISTRICT_NAME, CREATION_TIME, MODIFIED_TIME, FK_CITY, 
    IS_ACTIVE)
 Values
   (6, 'CANKAYA', TO_TIMESTAMP('18/3/2017 13:28:16','fmDDfm/fmMMfm/YYYY HH24:MI:SS'), TO_TIMESTAMP('18/3/2017 13:28:16','fmDDfm/fmMMfm/YYYY HH24:MI:SS'), 2, 
    '1');
Insert into HOSPITAL.T_DISTRICT
   (PK, DISTRICT_NAME, CREATION_TIME, MODIFIED_TIME, FK_CITY, 
    IS_ACTIVE)
 Values
   (7, 'ETIMESGUT', TO_TIMESTAMP('18/3/2017 13:28:29','fmDDfm/fmMMfm/YYYY HH24:MI:SS'), TO_TIMESTAMP('18/3/2017 13:28:29','fmDDfm/fmMMfm/YYYY HH24:MI:SS'), 2, 
    '1');
Insert into HOSPITAL.T_DISTRICT
   (PK, DISTRICT_NAME, CREATION_TIME, MODIFIED_TIME, FK_CITY, 
    IS_ACTIVE)
 Values
   (8, 'POLATLI', TO_TIMESTAMP('18/3/2017 13:28:50','fmDDfm/fmMMfm/YYYY HH24:MI:SS'), TO_TIMESTAMP('18/3/2017 13:28:50','fmDDfm/fmMMfm/YYYY HH24:MI:SS'), 2, 
    '1');
COMMIT;
--SQL Statement which produced this data:
--
--  SELECT * FROM HOSPITAL.T_HOSPITAL;
--
Insert into HOSPITAL.T_HOSPITAL
   (PK, HOSPITAL_NAME, CREATION_TIME, MODIFIED_TIME, HOSPITAL_TYPE, 
    FK_DISTRICT, IS_ACTIVE)
 Values
   (8, 'SISLI ETFAL EGITIM VE ARASTIRMA HASTANESI', TO_TIMESTAMP('18/3/2017 13:29:19','fmDDfm/fmMMfm/YYYY HH24:MI:SS'), TO_TIMESTAMP('18/3/2017 13:29:19','fmDDfm/fmMMfm/YYYY HH24:MI:SS'), 'PUBLIC_HOSPITAL', 
    0, '1');
Insert into HOSPITAL.T_HOSPITAL
   (PK, HOSPITAL_NAME, CREATION_TIME, MODIFIED_TIME, HOSPITAL_TYPE, 
    FK_DISTRICT, IS_ACTIVE)
 Values
   (9, 'BAKIRKOY DEVLET HASTANESI', TO_TIMESTAMP('18/3/2017 13:30:33','fmDDfm/fmMMfm/YYYY HH24:MI:SS'), TO_TIMESTAMP('18/3/2017 13:30:33','fmDDfm/fmMMfm/YYYY HH24:MI:SS'), 'PUBLIC_HOSPITAL', 
    1, '1');
Insert into HOSPITAL.T_HOSPITAL
   (PK, HOSPITAL_NAME, CREATION_TIME, MODIFIED_TIME, HOSPITAL_TYPE, 
    IS_ACTIVE)
 Values
   (10, 'AVCILAR DEVLET HASTANESI', TO_TIMESTAMP('18/3/2017 14:05:47','fmDDfm/fmMMfm/YYYY HH24:MI:SS'), TO_TIMESTAMP('18/3/2017 14:05:47','fmDDfm/fmMMfm/YYYY HH24:MI:SS'), 'PUBLIC_HOSPITAL', 
    '1');
COMMIT;
--SQL Statement which produced this data:
--
--  SELECT * FROM HOSPITAL.T_INSPECTION_PLACE;
--
Insert into HOSPITAL.T_INSPECTION_PLACE
   (PK, PLACE_NAME, CREATION_TIME, MODIFIED_TIME, IS_ACTIVE)
 Values
   (0, 'MUAYENE ODASI - 1', TO_TIMESTAMP('18/3/2017 13:51:41','fmDDfm/fmMMfm/YYYY HH24:MI:SS'), TO_TIMESTAMP('18/3/2017 13:51:41','fmDDfm/fmMMfm/YYYY HH24:MI:SS'), '1');
Insert into HOSPITAL.T_INSPECTION_PLACE
   (PK, PLACE_NAME, CREATION_TIME, MODIFIED_TIME, IS_ACTIVE, FK_HOSPITAL_POLICLINIC_REL)
 Values
   (1, 'MUAYENE ODASI - 7', TO_TIMESTAMP('18/3/2017 13:51:49','fmDDfm/fmMMfm/YYYY HH24:MI:SS'), TO_TIMESTAMP('18/3/2017 13:51:49','fmDDfm/fmMMfm/YYYY HH24:MI:SS'), '1', 100);
Insert into HOSPITAL.T_INSPECTION_PLACE
   (PK, PLACE_NAME, CREATION_TIME, MODIFIED_TIME, IS_ACTIVE, FK_HOSPITAL_POLICLINIC_REL)
 Values
   (2, 'MUAYENE ODASI - 2', TO_TIMESTAMP('18/3/2017 13:52:11','fmDDfm/fmMMfm/YYYY HH24:MI:SS'), TO_TIMESTAMP('18/3/2017 13:52:11','fmDDfm/fmMMfm/YYYY HH24:MI:SS'), '1', 100);
Insert into HOSPITAL.T_INSPECTION_PLACE
   (PK, PLACE_NAME, CREATION_TIME, MODIFIED_TIME, IS_ACTIVE, FK_HOSPITAL_POLICLINIC_REL)
 Values
   (3, 'MUAYENE ODASI - 3', TO_TIMESTAMP('18/3/2017 13:52:17','fmDDfm/fmMMfm/YYYY HH24:MI:SS'), TO_TIMESTAMP('18/3/2017 13:52:17','fmDDfm/fmMMfm/YYYY HH24:MI:SS'), '1', 100);
Insert into HOSPITAL.T_INSPECTION_PLACE
   (PK, PLACE_NAME, CREATION_TIME, MODIFIED_TIME, IS_ACTIVE, FK_HOSPITAL_POLICLINIC_REL)
 Values
   (4, 'MUAYENE ODASI - 4', TO_TIMESTAMP('18/3/2017 13:52:22','fmDDfm/fmMMfm/YYYY HH24:MI:SS'), TO_TIMESTAMP('18/3/2017 13:52:22','fmDDfm/fmMMfm/YYYY HH24:MI:SS'), '1', 100);
Insert into HOSPITAL.T_INSPECTION_PLACE
   (PK, PLACE_NAME, CREATION_TIME, MODIFIED_TIME, IS_ACTIVE, FK_HOSPITAL_POLICLINIC_REL)
 Values
   (5, 'MUAYENE ODASI - 5', TO_TIMESTAMP('18/3/2017 13:52:31','fmDDfm/fmMMfm/YYYY HH24:MI:SS'), TO_TIMESTAMP('18/3/2017 13:52:31','fmDDfm/fmMMfm/YYYY HH24:MI:SS'), '1', 100);
Insert into HOSPITAL.T_INSPECTION_PLACE
   (PK, PLACE_NAME, CREATION_TIME, MODIFIED_TIME, IS_ACTIVE, FK_HOSPITAL_POLICLINIC_REL)
 Values
   (6, 'MUAYENE ODASI - 6', TO_TIMESTAMP('18/3/2017 13:53:35','fmDDfm/fmMMfm/YYYY HH24:MI:SS'), TO_TIMESTAMP('18/3/2017 13:53:35','fmDDfm/fmMMfm/YYYY HH24:MI:SS'), '1', 100);
COMMIT;
--SQL Statement which produced this data:
--
--  SELECT * FROM HOSPITAL.T_POLICLINIC;
--
Insert into HOSPITAL.T_POLICLINIC
   (PK, POLICLINIC_NAME, CREATION_TIME, MODIFIED_TIME, IS_ACTIVE)
 Values
   (0, 'GOZ HASTALIKLARI', TO_TIMESTAMP('18/3/2017 13:32:16','fmDDfm/fmMMfm/YYYY HH24:MI:SS'), TO_TIMESTAMP('18/3/2017 13:32:16','fmDDfm/fmMMfm/YYYY HH24:MI:SS'), '1');
Insert into HOSPITAL.T_POLICLINIC
   (PK, POLICLINIC_NAME, CREATION_TIME, MODIFIED_TIME, IS_ACTIVE)
 Values
   (1, 'UROLOJI', TO_TIMESTAMP('18/3/2017 13:32:29','fmDDfm/fmMMfm/YYYY HH24:MI:SS'), TO_TIMESTAMP('18/3/2017 13:32:29','fmDDfm/fmMMfm/YYYY HH24:MI:SS'), '1');
Insert into HOSPITAL.T_POLICLINIC
   (PK, POLICLINIC_NAME, CREATION_TIME, MODIFIED_TIME, IS_ACTIVE)
 Values
   (2, 'KULAK BURUN BOGAZ', TO_TIMESTAMP('18/3/2017 13:32:43','fmDDfm/fmMMfm/YYYY HH24:MI:SS'), TO_TIMESTAMP('18/3/2017 13:32:43','fmDDfm/fmMMfm/YYYY HH24:MI:SS'), '1');
Insert into HOSPITAL.T_POLICLINIC
   (PK, POLICLINIC_NAME, CREATION_TIME, MODIFIED_TIME, IS_ACTIVE)
 Values
   (3, 'KARDIYOLOJI', TO_TIMESTAMP('18/3/2017 13:32:58','fmDDfm/fmMMfm/YYYY HH24:MI:SS'), TO_TIMESTAMP('18/3/2017 13:32:58','fmDDfm/fmMMfm/YYYY HH24:MI:SS'), '1');
Insert into HOSPITAL.T_POLICLINIC
   (PK, POLICLINIC_NAME, CREATION_TIME, MODIFIED_TIME, IS_ACTIVE)
 Values
   (4, 'DIS HEKIMLIGI', TO_TIMESTAMP('18/3/2017 13:33:16','fmDDfm/fmMMfm/YYYY HH24:MI:SS'), TO_TIMESTAMP('18/3/2017 13:33:16','fmDDfm/fmMMfm/YYYY HH24:MI:SS'), '1');
Insert into HOSPITAL.T_POLICLINIC
   (PK, POLICLINIC_NAME, CREATION_TIME, MODIFIED_TIME, IS_ACTIVE)
 Values
   (5, 'KADIN HASTALIKLARI VE DOGUM', TO_TIMESTAMP('18/3/2017 13:33:52','fmDDfm/fmMMfm/YYYY HH24:MI:SS'), TO_TIMESTAMP('18/3/2017 13:33:52','fmDDfm/fmMMfm/YYYY HH24:MI:SS'), '1');
COMMIT;
Insert into HOSPITAL.T_POLICLINIC
(PK, POLICLINIC_NAME, CREATION_TIME, MODIFIED_TIME, IS_ACTIVE)
Values
  (6, 'FIZIK TEDAVI', TO_TIMESTAMP('18/3/2017 13:33:52','fmDDfm/fmMMfm/YYYY HH24:MI:SS'), TO_TIMESTAMP('18/3/2017 13:33:52','fmDDfm/fmMMfm/YYYY HH24:MI:SS'), '1');
COMMIT;

--SQL Statement which produced this data:
--
--  SELECT * FROM HOSPITAL.T_HOSPITAL_POLICLINIC_REL;
--
Insert into HOSPITAL.T_HOSPITAL_POLICLINIC_REL
(PK, FK_HOSPITAL, FK_POLICLINIC, CREATION_TIME, MODIFIED_TIME,
 IS_ACTIVE)
Values
  (100, 8, 0, TO_TIMESTAMP('23/3/2017 09:53:03','fmDDfm/fmMMfm/YYYY HH24:MI:SS'), TO_TIMESTAMP('23/3/2017 09:53:03','fmDDfm/fmMMfm/YYYY HH24:MI:SS'),
   '1');
Insert into HOSPITAL.T_HOSPITAL_POLICLINIC_REL
(PK, FK_HOSPITAL, FK_POLICLINIC, CREATION_TIME, MODIFIED_TIME,
 IS_ACTIVE)
Values
  (101, 8, 1, TO_TIMESTAMP('23/3/2017 09:53:09','fmDDfm/fmMMfm/YYYY HH24:MI:SS'), TO_TIMESTAMP('23/3/2017 09:53:09','fmDDfm/fmMMfm/YYYY HH24:MI:SS'),
   '1');
Insert into HOSPITAL.T_HOSPITAL_POLICLINIC_REL
(PK, FK_HOSPITAL, FK_POLICLINIC, CREATION_TIME, MODIFIED_TIME,
 IS_ACTIVE)
Values
  (102, 8, 2, TO_TIMESTAMP('23/3/2017 09:53:10','fmDDfm/fmMMfm/YYYY HH24:MI:SS'), TO_TIMESTAMP('23/3/2017 09:53:10','fmDDfm/fmMMfm/YYYY HH24:MI:SS'),
   '1');
Insert into HOSPITAL.T_HOSPITAL_POLICLINIC_REL
(PK, FK_HOSPITAL, FK_POLICLINIC, CREATION_TIME, MODIFIED_TIME,
 IS_ACTIVE)
Values
  (103, 8, 3, TO_TIMESTAMP('23/3/2017 09:53:11','fmDDfm/fmMMfm/YYYY HH24:MI:SS'), TO_TIMESTAMP('23/3/2017 09:53:11','fmDDfm/fmMMfm/YYYY HH24:MI:SS'),
   '1');
Insert into HOSPITAL.T_HOSPITAL_POLICLINIC_REL
(PK, FK_HOSPITAL, FK_POLICLINIC, CREATION_TIME, MODIFIED_TIME,
 IS_ACTIVE)
Values
  (104, 8, 5, TO_TIMESTAMP('23/3/2017 09:53:12','fmDDfm/fmMMfm/YYYY HH24:MI:SS'), TO_TIMESTAMP('23/3/2017 09:53:12','fmDDfm/fmMMfm/YYYY HH24:MI:SS'),
   '1');
Insert into HOSPITAL.T_HOSPITAL_POLICLINIC_REL
(PK, FK_HOSPITAL, FK_POLICLINIC, CREATION_TIME, MODIFIED_TIME,
 IS_ACTIVE)
Values
  (105, 8, 4, TO_TIMESTAMP('23/3/2017 09:53:15','fmDDfm/fmMMfm/YYYY HH24:MI:SS'), TO_TIMESTAMP('23/3/2017 09:53:15','fmDDfm/fmMMfm/YYYY HH24:MI:SS'),
   '1');
COMMIT;
